1,0,0,',CODE1=NULL,CODE2=NULL,PUT=APOSTROPHE,,,,,,,,,,,,,,,,
2,0,0,ـ,CODE1=NULL,CODE2=NULL,PUT=HYPHEN,,,,,,,,,,,,,,,,
3,0,0,-,CODE1=NULL,CODE2=NULL,PUT=HYPHEN,,,,,,,,,,,,,,,,
4,0,0,–,CODE1=NULL,CODE2=NULL,PUT=ndash,,,,,,,,,,,,,,,,
5,0,0,—,CODE1=NULL,CODE2=NULL,PUT=mdash,,,,,,,,,,,,,,,,
6,0,0, ,CODE1=NULL,CODE2=NULL,PUT=BLK,,,,,,,,,,,,,,,,
7,0,0,!,CODE1=NULL,CODE2=NULL,PUT=EMARK,,,,,,,,,,,,,,,,
9,0,0,#,CODE1=NULL,CODE2=NULL,PUT=HASH,,,,,,,,,,,,,,,,
10,0,0,$,CODE1=NULL,CODE2=NULL,PUT=DOLLAR,,,,,,,,,,,,,,,,
11,0,0,%,CODE1=NULL,CODE2=NULL,PUT=PERCENTAGE,,,,,,,,,,,,,,,,
12,0,0,&,CODE1=NULL,CODE2=NULL,PUT=amp,,,,,,,,,,,,,,,,
13,0,0,(,CODE1=NULL,CODE2=NULL,PUT=OPARENTHESIS,,,,,,,,,,,,,,,,
14,0,0,((,CODE1=NULL,CODE2=NULL,PUT=OPARENTHESIS,,,,,,,,,,,,,,,,
15,0,0,),CODE1=NULL,CODE2=NULL,PUT=CPARENTHESIS,,,,,,,,,,,,,,,,
16,0,0,)),CODE1=NULL,CODE2=NULL,PUT=CPARENTHESIS,,,,,,,,,,,,,,,,
17,0,0,*,CODE1=NULL,CODE2=NULL,PUT=ASTERISK,,,,,,,,,,,,,,,,
18,0,0,،,CODE1=NULL,CODE2=NULL,PUT=COMMA,,,,,,,,,,,,,,,,
19,0,0,.,CODE1=NULL,CODE2=NULL,PUT=PERIOD,,,,,,,,,,,,,,,,
20,0,0,/,CODE1=NULL,CODE2=NULL,PUT=FSLASH,,,,,,,,,,,,,,,,
21,0,0,//,CODE1=NULL,CODE2=NULL,PUT=BSLASH,,,,,,,,,,,,,,,,
22,0,0,:,CODE1=NULL,CODE2=NULL,PUT=COLON,,,,,,,,,,,,,,,,
23,0,0,;,CODE1=NULL,CODE2=NULL,PUT=SEMICOLON,,,,,,,,,,,,,,,,
24,0,0,?,CODE1=NULL,CODE2=NULL,PUT=QMARK,,,,,,,,,,,,,,,,
25,0,0,⸘,CODE1=NULL,CODE2=NULL,PUT=IIBANG,,,,,,,,,,,,,,,,
26,0,0,@,CODE1=NULL,CODE2=NULL,PUT=AT,,,,,,,,,,,,,,,,
27,0,0,[,CODE1=NULL,CODE2=NULL,PUT=OSBRACKET,,,,,,,,,,,,,,,,
28,0,0,\,CODE1=NULL,CODE2=NULL,PUT=BSLASH,,,,,,,,,,,,,,,,
29,0,0,],CODE1=NULL,CODE2=NULL,PUT=CSBRACKET,,,,,,,,,,,,,,,,
30,0,0,^,CODE1=NULL,CODE2=NULL,PUT=CIRCUMFLEX,,,,,,,,,,,,,,,,
31,0,0,_,CODE1=NULL,CODE2=NULL,PUT=UNDERSCORE,,,,,,,,,,,,,,,,
32,0,0,`,CODE1=NULL,CODE2=NULL,PUT=GRAVE,,,,,,,,,,,,,,,,
33,0,0,{,CODE1=NULL,CODE2=NULL,PUT=OCBRACE,,,,,,,,,,,,,,,,
34,0,0,|,CODE1=NULL,CODE2=NULL,PUT=VERTICALBAR,,,,,,,,,,,,,,,,
35,0,0,},CODE1=NULL,CODE2=NULL,PUT=CCBRACE,,,,,,,,,,,,,,,,
36,0,0,~,CODE1=NULL,CODE2=NULL,PUT=TILDE,,,,,,,,,,,,,,,,
37,0,0,"¡",CODE1=NULL,CODE2=NULL,PUT=iexcl,,,,,,,,,,,,,,,,
38,0,0,¦,CODE1=NULL,CODE2=NULL,PUT=brvbar,,,,,,,,,,,,,,,,
39,0,0,¨,CODE1=NULL,CODE2=NULL,PUT=uml,,,,,,,,,,,,,,,,
40,0,0,¯,CODE1=NULL,CODE2=NULL,PUT=macr,,,,,,,,,,,,,,,,
41,0,0,´,CODE1=NULL,CODE2=NULL,PUT=ACUTE,,,,,,,,,,,,,,,,
42,0,0,¸,CODE1=NULL,CODE2=NULL,PUT=cedil,,,,,,,,,,,,,,,,
43,0,0,¿,CODE1=NULL,CODE2=NULL,PUT=iquest,,,,,,,,,,,,,,,,
44,0,0,،,CODE1=NULL,CODE2=NULL,PUT=COMMA,,,,,,,,,,,,,,,,
45,0,0,؛,CODE1=NULL,CODE2=NULL,PUT=SEMICOLON,,,,,,,,,,,,,,,,
46,0,0,؟,CODE1=NULL,CODE2=NULL,PUT=AQMARK,,,,,,,,,,,,,,,,
47,0,0,٪,CODE1=NULL,CODE2=NULL,PUT=PERCENTAGE,,,,,,,,,,,,,,,,
48,0,0,‘,CODE1=NULL,CODE2=NULL,PUT=lsquo,,,,,,,,,,,,,,,,
49,0,0,’,CODE1=NULL,CODE2=NULL,PUT=rsquo,,,,,,,,,,,,,,,,
50,0,0,‚,CODE1=NULL,CODE2=NULL,PUT=sbquo,,,,,,,,,,,,,,,,
51,0,0,“,CODE1=NULL,CODE2=NULL,PUT=ldquo,,,,,,,,,,,,,,,,
52,0,0,”,CODE1=NULL,CODE2=NULL,PUT=rdquo,,,,,,,,,,,,,,,,
53,0,0,„,CODE1=NULL,CODE2=NULL,PUT=bdquo,,,,,,,,,,,,,,,,
54,0,0,‹,CODE1=NULL,CODE2=NULL,PUT=lsaquo,,,,,,,,,,,,,,,,
55,0,0,›,CODE1=NULL,CODE2=NULL,PUT=rsaquo,,,,,,,,,,,,,,,,
56,0,0,‽,CODE1=NULL,CODE2=NULL,PUT=IBANG,,,,,,,,,,,,,,,,
57,0,0,‾,CODE1=NULL,CODE2=NULL,PUT=oline,,,,,,,,,,,,,,,,
58,0,0,¢,CODE1=NULL,CODE2=NULL,PUT=cent,,,,,,,,,,,,,,,,
59,0,0,£,CODE1=NULL,CODE2=NULL,PUT=pound,,,,,,,,,,,,,,,,
60,0,0,¤,CODE1=NULL,CODE2=NULL,PUT=curren,,,,,,,,,,,,,,,,
61,0,0,¥,CODE1=NULL,CODE2=NULL,PUT=yen,,,,,,,,,,,,,,,,
62,0,0,€,CODE1=NULL,CODE2=NULL,PUT=EURO,,,,,,,,,,,,,,,,
63,0,0,+,CODE1=NULL,CODE2=NULL,PUT=PLUS,,,,,,,,,,,,,,,,
64,0,0,<,CODE1=NULL,CODE2=NULL,PUT=lt,,,,,,,,,,,,,,,,
65,0,0,=,CODE1=NULL,CODE2=NULL,PUT=EQUAL,,,,,,,,,,,,,,,,
66,0,0,>,CODE1=NULL,CODE2=NULL,PUT=gt,,,,,,,,,,,,,,,,
67,0,0,±,CODE1=NULL,CODE2=NULL,PUT=plusmn,,,,,,,,,,,,,,,,
68,0,0,«,CODE1=NULL,CODE2=NULL,PUT=laquo,,,,,,,,,,,,,,,,
69,0,0,»,CODE1=NULL,CODE2=NULL,PUT=raquo,,,,,,,,,,,,,,,,
70,0,0,×,CODE1=NULL,CODE2=NULL,PUT=times,,,,,,,,,,,,,,,,
71,0,0,÷,CODE1=NULL,CODE2=NULL,PUT=divide,,,,,,,,,,,,,,,,
72,0,0,↑,CODE1=NULL,CODE2=NULL,PUT=uarr,,,,,,,,,,,,,,,,
73,0,0,→,CODE1=NULL,CODE2=NULL,PUT=rarr,,,,,,,,,,,,,,,,
74,0,0,↓,CODE1=NULL,CODE2=NULL,PUT=darr,,,,,,,,,,,,,,,,
75,0,0,←,CODE1=NULL,CODE2=NULL,PUT=larr,,,,,,,,,,,,,,,,
76,0,0,§,CODE1=NULL,CODE2=NULL,PUT=sect,,,,,,,,,,,,,,,,
77,0,0,©,CODE1=NULL,CODE2=NULL,PUT=copy,,,,,,,,,,,,,,,,
78,0,0,¬,CODE1=NULL,CODE2=NULL,PUT=not,,,,,,,,,,,,,,,,
79,0,0,®,CODE1=NULL,CODE2=NULL,PUT=reg,,,,,,,,,,,,,,,,
80,0,0,°,CODE1=NULL,CODE2=NULL,PUT=deg,,,,,,,,,,,,,,,,
81,0,0,¶,CODE1=NULL,CODE2=NULL,PUT=para,,,,,,,,,,,,,,,,
82,0,0,·,CODE1=NULL,CODE2=NULL,PUT=middot,,,,,,,,,,,,,,,,
83,0,0,…,CODE1=NULL,CODE2=NULL,PUT=hellip,,,,,,,,,,,,,,,,
84,0,0,♠,CODE1=NULL,CODE2=NULL,PUT=spades,,,,,,,,,,,,,,,,
85,0,0,♣,CODE1=NULL,CODE2=NULL,PUT=clubs,,,,,,,,,,,,,,,,
86,0,0,♥,CODE1=NULL,CODE2=NULL,PUT=hearts,,,,,,,,,,,,,,,,
87,0,0,♦,CODE1=NULL,CODE2=NULL,PUT=diams,,,,,,,,,,,,,,,,
88,0,0,†,CODE1=NULL,CODE2=NULL,PUT=dagger,,,,,,,,,,,,,,,,
89,0,0,"‡",CODE1=NULL,CODE2=NULL,PUT=Dagger,,,,,,,,,,,,,,,,
90,0,0,‰,CODE1=NULL,CODE2=NULL,PUT=permil,,,,,,,,,,,,,,,,
91,0,0,¼,CODE1=NULL,CODE2=NULL,PUT=frac14,,,,,,,,,,,,,,,,
92,0,0,½,CODE1=NULL,CODE2=NULL,PUT=frac12,,,,,,,,,,,,,,,,
93,0,0,¾,CODE1=NULL,CODE2=NULL,PUT=frac34,,,,,,,,,,,,,,,,
94,0,0,¹,CODE1=NULL,CODE2=NULL,PUT=sup1,,,,,,,,,,,,,,,,
95,0,0,²,CODE1=NULL,CODE2=NULL,PUT=sup2,,,,,,,,,,,,,,,,
96,0,0,³,CODE1=NULL,CODE2=NULL,PUT=sup3,,,,,,,,,,,,,,,,
97,84,10,ابعت,CODE1=544043,CODE2=201951480,LEMMA=أرسل,BF=أرسل,LEX=V,POS=VER,LST=WRD,NUM=SNG,PER=1PS,ATE=PRS,MOO=IND,VOI=ACV,TRA=TST2,PAR=M124,FRA=Y521,SEM=MOT,,,
98,1,1,ابقا,CODE1=1121134,CODE2=202240674,LEMMA=حاول,BF=حاول,LEX=V,POS=VER,LST=WRD,GEN=MCL,NUM=SNG,PER=2PS,MOO=IMP,VOI=ACV,TRA=TSTD,PAR=M242,FRA=Y0,SEM=POV,,,
99,17,1,ابلكيشن,CODE1=327335,CODE2=100949134,LEMMA=تطبيق,BF=تطبيق,LEX=N,POS=NOU,LST=WRD,GEN=MCL,NUM=SNGT,PAR=M0,FRA=Y0,ABN=ABT,ALY=ALI,ANI=NANM,CAR=NCTB,SEM=ACT,SFR=K706,,
100,29,1,اتصالات,CODE1=277011,CODE2=100039297,LEMMA=اتصال,BF=اتصال,LEX=N,POS=NOU,MOR=WFO,LST=WRD,GEN=MCL,NUM=PLR,PAR=M534,FRA=Y0,ABN=ABT,ANI=NANM,SEM=ACT,,,,
101,8,1,اتصل,CODE1=1383972,CODE2=201291069,LEMMA=اتصل,BF=اتصل,LEX=V,POS=VER,LST=WRD,GEN=MCL,NUM=SNG,PER=2PS,MOO=IMP,VOI=ACV,TRA=TSTI,PAR=M119,FRA=Y460,SEM=CTC,,,
102,8,1,اتصلت,CODE1=1384100,CODE2=201291069,LEMMA=اتصل,BF=اتصل,LEX=V,POS=VER,LST=WRD,NUM=SNG,PER=1PS,ATE=PAS,VOI=ACV,TRA=TSTI,PAR=M119,FRA=Y460,SEM=CTC,,,,
103,70,1,اتعملت,CODE1=920937,CODE2=202609764,LEMMA=انتهى,BF=انتهى,LEX=V,POS=VER,LST=WRD,GEN=FEM,NUM=SNG,PER=3PS,ATE=PAS,VOI=ACV,TRA=NACC,PAR=M381,FRA=Y0,SEM=STT,,,
104,17,1,اتمسحت,CODE1=674697,CODE2=201392237,LEMMA=مسح,BF=مسح,LEX=V,POS=VER,LST=WRD,GEN=FEM,NUM=SNG,PER=3PS,ATE=PAS,VOI=PSV,TRA=TSTD,PAR=M10,FRA=Y0,SEM=CTC,,,
105,12,0,اجدد,CODE1=1352930,CODE2=201146051,LEMMA=جد,BF=جد,LEX=V,POS=VER,LST=WRD,NUM=SNG,PER=1PS,ATE=PRS,MOO=JUS,VOI=ACV,TRA=NERG,PAR=M160,FRA=Y20,SEM=CPT,,,
106,73,1,احب,CODE1=504526,CODE2=201777210,LEMMA=أحب,BF=أحب,LEX=V,POS=VER,LST=WRD,GEN=MCL,NUM=SNG,PER=3PS,ATE=PAS,VOI=ACV,TRA=TSTD,PAR=M1,FRA=Y0,SEM=EMO,,,
107,94,2,احسن,CODE1=126313,CODE2=300227507,LEMMA=أحسن,BF=أحسن,LEX=J,POS=ADJ,LST=WRD,GEN=COM,NUM=INV,DEG=SUP,PAR=M1,FRA=Y0,,,,,,,
108,20,0,احلى,CODE1=266608,CODE2=300217728,LEMMA=أجمل,BF=أجمل,LEX=J,POS=ADJ,LST=WRD,GEN=COM,NUM=INV,DEG=SUP,PAR=M1,FRA=Y0,SEM=VLE,,,,,,
109,20,0,احلي,CODE1=266608,CODE2=300217728,LEMMA=أجمل,BF=أجمل,LEX=J,POS=ADJ,LST=WRD,GEN=COM,NUM=INV,DEG=SUP,PAR=M1,FRA=Y0,SEM=VLE,,,,,,
110,255,255,احنا,CODE1=443015,CODE2=00.@1.@pl,LEMMA=نحن,BF=نحن,LEX=R,POS=PPR,LST=WRD,PER=1PP,PAR=M0,FRA=Y0,SEM=XXX,SFR=K0,,,,,,,
111,12,1,احول,CODE1=273388,CODE2=107415730,LEMMA=تحويل,BF=تحويل,LEX=N,POS=NOU,MOR=WFO,LST=WRD,GEN=MCL,NUM=SNG,PAR=M534,FRA=Y0,ANI=NANM,ABN=ABT,ALY=ALI,ANI=NANM,CAR=CTB,SEM=NEV,SFR=K0
112,35,2,اخر,CODE1=316683,CODE2=108566028,LEMMA=نهاية,BF=نهاية,LEX=N,POS=NOU,MOR=WFO,LST=WRD,GEN=FEM,NUM=SNG,PAR=M533,FRA=Y0,ABN=CCT,ALY=NALI,ANI=NANM,CAR=CTB,SEM=LCT,SFR=K0,
113,179,10,اديت,CODE1=1378067,CODE2=202316868,LEMMA=أعطى,BF=أعطى,LEX=V,POS=VER,LST=WRD,NUM=SNG,PER=1PS,ATE=PAS,VOI=ACV,TRA=TST2,PAR=M222,FRA=Y18,SEM=POV,,,,
114,179,10,اديتل,CODE1=1378067,CODE2=202316868,LEMMA=أعطى,BF=أعطى,LEX=V,POS=VER,LST=WRD,NUM=SNG,PER=1PS,ATE=PAS,VOI=ACV,TRA=TST2,PAR=M222,FRA=Y18,SEM=POV,,,,
115,64,2,ارجوا,CODE1=1234811,CODE2=201826723,LEMMA=رجا,BF=رجا,LEX=V,POS=VER,LST=WRD,NUM=SNG,PER=1PS,ATE=PRS,MOO=IND,VOI=ACV,TRA=TSTD,PAR=M12,FRA=Y0,SEM=EMO,,,
116,84,10,ارسلت,CODE1=544017,CODE2=201951480,LEMMA=أرسل,BF=أرسل,LEX=V,POS=VER,LST=WRD,NUM=SNG,PER=1PS,ATE=PAS,VOI=ACV,TRA=TST2,PAR=M124,FRA=Y521,SEM=MOT,,,,
117,132,10,ارقام,CODE1=279232,CODE2=105121418,LEMMA=رقم,BF=رقم,LEX=N,POS=NOU,LST=WRD,GEN=MCL,NUM=PLR,PAR=M541,FRA=Y0,ABN=ABT,ALY=NALI,ANI=NANM,CAR=CTB,SEM=ATT,SFR=K0,,
118,255,255,ازاى,CODE1=443007,CODE2=00.@wh,LEMMA=كيف,BF=كيف,LEX=R,POS=IPR,LST=WRD,PAR=M0,FRA=Y0,rel=MAN,,,,,,,,,
119,7,1,استخدام,CODE1=270784,CODE2=105149978,LEMMA=استخدام,BF=استخدام,LEX=N,POS=NOU,LST=WRD,GEN=MCL,NUM=SNG,PAR=M534,FRA=Y0,ANI=NANM,ABN=ABT,ALY=ALI,ANI=NANM,CAR=CTB,SEM=ATT,SFR=K0,
120,24,1,استرد,CODE1=560457,CODE2=202247977,LEMMA=استرد,BF=استرد,LEX=V,POS=VER,LST=WRD,NUM=SNG,PER=1PS,ATE=PRS,MOO=IND,VOI=ACV,TRA=TSTD,PAR=M272,FRA=Y0,SEM=POV,,,
121,0,1,استفسار,CODE1=270815,CODE2=106783768,LEMMA=استفسار,BF=استفسار,LEX=N,POS=NOU,LST=WRD,GEN=MCL,NUM=SNGT,PAR=M0,FRA=Y0,ANI=NANM,SEM=ACT,ABN=ABT,ALY=NALI,ANI=NANM,CAR=CTB,SEM=CMN,SFR=K0
122,24,10,استفيد,CODE1=560911,CODE2=202290461,LEMMA=استفاد,BF=استفاد,LEX=V,POS=VER,LST=WRD,NUM=SNG,PER=1PS,ATE=PRS,MOO=IND,VOI=ACV,TRA=TSTI,PAR=M273,FRA=Y527,SEM=POV,,,
123,1,0,استهلاك,CODE1=341666,CODE2=113451804,LEMMA=استهلاك,BF=استهلاك,LEX=N,POS=NOU,MOR=WFO,LST=WRD,GEN=MCL,NUM=SNGT,PAR=M0,FRA=Y0,ABN=ABT,ANI=NANM,SEM=NAT,,,,
124,94,1,اسم,CODE1=279695,CODE2=106333653,LEMMA=اسم,BF=اسم,LEX=N,POS=NOU,MOR=WFO,LST=WRD,GEN=MCL,NUM=SNG,PAR=M578,FRA=Y0,ABN=ABT,ALY=NALI,ANI=NANM,CAR=CTB,SEM=CMN,SFR=K0,
125,23,1,اشتركت,CODE1=1490971,CODE2=202718309,LEMMA=اشترك,BF=اشترك,LEX=V,POS=VER,LST=WRD,NUM=SNG,PER=1PS,ATE=PRS,MOO=IND,VOI=ACV,TRA=TSTI,PAR=M119,FRA=Y524,SEM=STT,,,
126,136,10,اشتري,CODE1=1414237,CODE2=202207206,LEMMA=اشترى,BF=اشترى,LEX=V,POS=VER,LST=WRD,NUM=SNG,PER=1PS,ATE=PRS,MOO=IND,VOI=ACV,TRA=TSTD,PAR=M223,FRA=Y16,SEM=POV,,,
127,23,1,اشطا,CODE1=266942,CODE2=301586342,LEMMA=جميل,BF=جميل,LEX=J,POS=ADJ,LST=WRD,GEN=MCL,NUM=SNG,PAR=M445,FRA=Y0,,,,,,,,
128,165,10,اطلب,CODE1=460302,CODE2=200752493,LEMMA=طلب,BF=طلب,LEX=V,POS=VER,LST=WRD,NUM=SNG,PER=1PS,ATE=PRS,MOO=IND,VOI=ACV,TRA=TST2,PAR=M10,FRA=Y220,SEM=CMV,,,
129,255,10,اطلع,CODE1=1119944,CODE2=202238085,LEMMA=حصل,BF=حصل,LEX=V,POS=VER,LST=WRD,NUM=SNG,PER=1PS,ATE=PRS,MOO=IND,VOI=ACV,TRA=TSTI,PAR=M107,FRA=Y17,SEM=POV,,,
130,100,1,اعرف,CODE1=1975152,CODE2=200608670,LEMMA=عرف,BF=عرف,LEX=V,POS=VER,LST=WRD,NUM=SNG,PER=1PS,ATE=PRS,MOO=IND,VOI=ACV,TRA=TSTD,PAR=M10,FRA=Y0,SEM=CGV,,,
131,15,2,اعلان,CODE1=329513,CODE2=107248801,LEMMA=إعلان,BF=إعلان,LEX=N,POS=NOU,MOR=WFO,LST=WRD,GEN=MCL,NUM=SNG,PAR=M534,FRA=Y734,ANI=NANM,ABN=ABT,ALY=ALI,ANI=NANM,CAR=CTB,SEM=CMN,SFR=K0
132,255,10,اعمل,CODE1=1160070,CODE2=202560585,LEMMA=عمل,BF=عمل,LEX=V,POS=VER,LST=WRD,NUM=SNG,PER=1PS,ATE=PRS,MOO=IND,VOI=ACV,TRA=TSTD,PAR=M10,FRA=Y0,SEM=SOV,,,
133,255,10,اعملوا,CODE1=1159908,CODE2=202560585,LEMMA=عمل,BF=عمل,LEX=V,POS=VER,LST=WRD,GEN=MCL,NUM=PLR,PER=2PP,MOO=IMP,VOI=ACV,TRA=TSTD,PAR=M10,FRA=Y0,SEM=SOV,,,
134,255,255,اغلب,CODE1=87629,CODE2=NULL,LEMMA=أغلب,BF=أغلب,LEX=D,POS=QUA,LST=WRD,PAR=M0,FRA=Y0,SEM=XXX,SFR=K0,att=@majority,,,,,,,
135,46,1,اغنية,CODE1=284730,CODE2=107048000,LEMMA=أغنية,BF=أغنية,LEX=N,POS=NOU,MOR=WFO,LST=WRD,GEN=FEM,NUM=SNG,PAR=M533,FRA=Y0,ABN=CCT,ALY=ALI,ANI=NANM,CAR=CTB,SEM=CMN,SFR=K0,
136,46,1,اغنية,CODE1=284730,CODE2=107048000,LEMMA=أغنية,BF=أغنية,LEX=N,POS=NOU,MOR=WFO,LST=WRD,GEN=FEM,NUM=SNG,PAR=M533,FRA=Y0,ABN=CCT,ALY=ALI,ANI=NANM,CAR=CTB,SEM=CMN,SFR=K0,
137,94,1,افضل,CODE1=96885,CODE2=300227507,LEMMA=أفضل,BF=أفضل,LEX=J,POS=ADJ,LST=WRD,GEN=MCL,NUM=SNG,DEG=SUP,PAR=M716,FRA=Y0,,,,,,,
138,225,10,افهم,CODE1=538982,CODE2=200591115,LEMMA=فهم,BF=فهم,LEX=V,POS=VER,LST=WRD,GEN=MCL,NUM=SNG,PER=2PS,MOO=IMP,VOI=ACV,TRA=TSTD,PAR=M10,FRA=Y16,SEM=CGV,,,
139,1,1,اقرب,CODE1=85383,CODE2=400408021,LEMMA=أقرب,BF=أقرب,LEX=A,POS=AAV,LST=WRD,PAR=M0,FRA=Y0,SEM=MAN,,,,,,,,,
140,255,255,اكتر,CODE1=87636,CODE2=NULL,LEMMA=أكثر,BF=أكثر,LEX=D,POS=QUA,LST=WRD,PAR=M0,FRA=Y0,SEM=XXX,SFR=K0,att=@more,,,,,,,
141,9,1,اكذب,CODE1=475955,CODE2=200834259,LEMMA=كذب,BF=كذب,LEX=V,POS=VER,LST=WRD,NUM=SNG,PER=1PS,ATE=PRS,MOO=IND,VOI=ACV,TRA=TSTI,PAR=M107,FRA=Y17,SEM=CMV,,,
142,161,5,اكلم,CODE1=1183218,CODE2=200962447,LEMMA=كلم,BF=كلم,LEX=V,POS=VER,LST=WRD,NUM=SNG,PER=1PS,ATE=PRS,MOO=IND,VOI=ACV,TRA=TSTI,PAR=M10,FRA=Y524,SEM=CMV,,,
143,1,0,الابتدائية,CODE1=411997,CODE2=100885858,LEMMA=تعليم الابتدائي,BF=تعليم الابتدائي,LEX=N,POS=NOU,LST=MTW,GEN=MCL,NUM=SNGT,PAR=M0,FRA=Y0,ABN=ABT,ANI=NANM,SEM=ACT,,,,,
144,0,0,السعودية,CODE1=27478,CODE2=500004243,LEMMA=دولة السعودية,BF=دولة السعودية,LEX=E,POS=PPN,LST=MTW,GEN=FEM,NUM=SNGT,PAR=M0,FRA=Y0,ABN=CCT,ALY=NALI,ANI=NANM,CAR=ONE,SEM=LCT,SFR=K0,,
145,2,1,الغى,CODE1=284096,CODE2=100232386,"LEMMA=إلغاء","BF=إلغاء",LEX=N,POS=NOU,LST=WRD,GEN=MCL,NUM=SNGT,PAR=M0,FRA=Y0,ANI=NANM,ABN=ABT,ANI=NANM,SEM=ACT,,,,
146,3,1,الغى,CODE1=298933,CODE2=101076046,LEMMA=إيقاف,BF=إيقاف,LEX=N,POS=NOU,MOR=WFO,LST=WRD,GEN=MCL,NUM=SNGT,PAR=M0,FRA=Y0,ABN=ABT,ANI=NANM,SEM=ACT,,,,
147,0,0,الله,CODE1=103716,CODE2=500006165,LEMMA=الله,BF=الله,LEX=E,POS=PPN,LST=WRD,GEN=MCL,NUM=SNGT,PAR=M0,FRA=Y0,ABN=CCT,ANI=ANM,SEM=HUM,,,,,
148,16,1,امبارح,CODE1=369819,CODE2=115156187,LEMMA=أمس,BF=أمس,LEX=N,POS=NOU,MOR=WFO,LST=WRD,GEN=MCL,NUM=SNGT,PAR=M0,FRA=Y0,ABN=ABT,ALY=ALI,ANI=NANM,CAR=NCTB,SEM=TIM,SFR=K0,
149,255,255,امتى,CODE1=443010,CODE2=00.@wh,LEMMA=متى,BF=متى,LEX=R,POS=IPR,LST=WRD,PAR=M0,FRA=Y0,rel=tim,att=@wh,,,,,,,,
150,255,255,امتي,CODE1=443010,CODE2=00.@wh,LEMMA=متى,BF=متى,LEX=R,POS=IPR,LST=WRD,PAR=M0,FRA=Y0,rel=tim,att=@wh,,,,,,,,
151,255,0,ان,CODE1=87594,CODE2=NULL,LEMMA=إن,BF=إن,LEX=C,POS=SCJ,LST=WRD,PAR=M0,FRA=Y0,SEM=XXX,SFR=K0,rel=con,,,,,,,
152,255,255,انت,CODE1=443017,CODE2=00.@2.@male.@singular,LEMMA=أنت,BF=أنت,LEX=R,POS=PPR,LST=WRD,PER=2PS,PAR=M0,FRA=Y0,att=@2,att=@male,att=@singular,SEM=XXX,SFR=K0,,,,
153,4,1,انتظار,CODE1=296698,CODE2=101063939,LEMMA=انتظار,BF=انتظار,LEX=N,POS=NOU,MOR=WFO,LST=WRD,GEN=MCL,NUM=SNGT,PAR=M0,FRA=Y0,ABN=ABT,ALY=ALI,ANI=NANM,CAR=NCTB,SEM=ACT,SFR=K706,
154,255,255,انتم,CODE1=443014,CODE2=00.@2.@male.@pl,LEMMA=أنتم,BF=أنتم,LEX=R,POS=PPR,LST=WRD,PER=2PP,PAR=M0,FRA=Y0,att=@2,att=@male,att=@pl,SEM=XXX,SFR=K0,,,,
155,70,1,انتهى,CODE1=920889,CODE2=202609764,LEMMA=انتهى,BF=انتهى,LEX=V,POS=VER,LST=WRD,GEN=MCL,NUM=SNG,PER=3PS,ATE=PAS,VOI=ACV,TRA=NACC,PAR=M381,FRA=Y0,SEM=STT,,,
156,70,1,انتهي,CODE1=920889,CODE2=202609764,LEMMA=انتهى,BF=انتهى,LEX=V,POS=VER,LST=WRD,GEN=MCL,NUM=SNG,PER=3PS,ATE=PAS,VOI=ACV,TRA=NACC,PAR=M381,FRA=Y0,SEM=STT,,,
157,255,255,انتو,CODE1=443014,CODE2=00.@2.@male.@pl,LEMMA=أنتم,BF=أنتم,LEX=R,POS=PPR,LST=WRD,PER=2PP,PAR=M0,FRA=Y0,att=@2,att=@male,att=@pl,SEM=XXX,SFR=K0,,,,
158,255,255,انتوا,CODE1=443014,CODE2=00.@2.@male.@pl,LEMMA=أنتم,BF=أنتم,LEX=R,POS=PPR,LST=WRD,PER=2PP,PAR=M0,FRA=Y0,att=@2,att=@male,att=@pl,SEM=XXX,SFR=K0,,,,
159,255,255,انتوا,CODE1=443014,CODE2=00.@2.@male.@pl,LEMMA=أنتم,BF=أنتم,LEX=R,POS=PPR,LST=WRD,PER=2PP,PAR=M0,FRA=Y0,att=@2,att=@male,att=@pl,SEM=XXX,SFR=K0,,,,
160,24,1,انظمت,CODE1=441435,CODE2=105726596,LEMMA=نظام,BF=نظام,LEX=N,POS=NOU,LST=WRD,GEN=MCL,NUM=PLR,PAR=M551,FRA=Y0,ABN=ABT,ALY=ALI,ANI=NANM,CAR=NCTB,SEM=CGN,SFR=K0,,
161,24,1,انظمت,CODE1=441435,CODE2=105726596,LEMMA=نظام,BF=نظام,LEX=N,POS=NOU,LST=WRD,GEN=MCL,NUM=PLR,PAR=M551,FRA=Y0,ABN=ABT,ALY=ALI,ANI=NANM,CAR=NCTB,SEM=CGN,SFR=K0,,
162,255,255,انهو,CODE1=443016,CODE2=00.@wh,LEMMA=من,BF=من,LEX=R,POS=IPR,LST=WRD,PAR=M0,FRA=Y0,att=@wh,att=@person,,,,,,,,
163,100,1,اهتمام,CODE1=315144,CODE2=105192451,LEMMA=اهتمام,BF=اهتمام,LEX=N,POS=NOU,MOR=WFO,LST=WRD,GEN=MCL,NUM=SNG,PAR=M534,FRA=Y0,ABN=ABT,ALY=NALI,ANI=NANM,CAR=NCTB,SEM=ATT,SFR=K1,
164,0,0,او,CODE1=87596,CODE2=NULL,LEMMA=أو,BF=أو,LEX=C,POS=COO,LST=WRD,PAR=M0,FRA=Y0,SEM=XXX,SFR=K0,rel=or,,,,,,,
165,232,1,اول,CODE1=101313,CODE2=301010862,LEMMA=أول,BF=أول,LEX=J,POS=ADJ,MOR=WFO,LST=WRD,GEN=MCL,NUM=SNG,DEG=PST,PAR=M1,FRA=Y0,SEM=VLE,,,,,
166,255,1,اووووي,CODE1=82583,CODE2=400031899,LEMMA=جدا,BF=جدا,LEX=A,POS=SAV,LST=WRD,PAR=M0,FRA=Y0,POL=AFM,SEM=MAN,SFR=K0,,,,,,,
167,47,1,اى,CODE1=171663,CODE2=302267686,LEMMA=أي,BF=أي,LEX=J,POS=ADJ,LST=WRD,PAR=M0,FRA=Y0,,,,,,,,,,
168,172,1,ايام,CODE1=283127,CODE2=115155220,LEMMA=يوم,BF=يوم,LEX=N,POS=NOU,MOR=WFO,LST=WRD,GEN=MCL,NUM=PLR,PAR=M659,FRA=Y0,ABN=ABT,ALY=ALI,ANI=NANM,CAR=CTB,SEM=TIM,SFR=K0,
169,0,0,اية,CODE1=266940,CODE2=302267686,LEMMA=أية,BF=أية,LEX=J,POS=ADJ,LST=WRD,PAR=M0,FRA=Y0,,,,,,,,,,
170,0,0,ايه,CODE1=266940,CODE2=302267686,LEMMA=أية,BF=أية,LEX=J,POS=ADJ,LST=WRD,PAR=M0,FRA=Y0,,,,,,,,,,
171,255,255,ايه,CODE1=443003,CODE2=00.@wh,LEMMA=ما,BF=ما,LEX=R,POS=IPR,MOR=WFO,LST=WRD,PAR=M0,FRA=Y0,,,,,,,,,
172,0,0,إذا,CODE1=87531,CODE2=400043003,LEMMA=إذا,BF=إذا,LEX=A,POS=CJT,LST=WRD,PAR=M0,FRA=Y0,SEM=MAN,,,,,,,,,
173,15,2,إعلان,CODE1=329513,CODE2=107248801,LEMMA=إعلان,BF=إعلان,LEX=N,POS=NOU,MOR=WFO,LST=WRD,GEN=MCL,NUM=SNG,PAR=M534,FRA=Y734,ANI=NANM,ABN=ABT,ALY=ALI,ANI=NANM,CAR=CTB,SEM=CMN,SFR=K0
174,12,0,إفطار,CODE1=415636,CODE2=107574602,LEMMA=إفطار,BF=إفطار,LEX=N,POS=NOU,LST=WRD,GEN=MCL,NUM=SNG,PAR=M534,FRA=Y0,ABN=CCT,ALY=ALI,ANI=NANM,CAR=CTB,SEM=FOO,SFR=K0,,
175,255,255,إلا,CODE1=442938,CODE2=NULL,LEMMA=إلا,BF=إلا,LEX=O,POS=PTC,LST=WRD,PAR=M0,FRA=Y0,rel=MAN,att=@except,SEM=XXX,SFR=K0,rel=man, att=@minus,,,,
176,16,1,إمبارح,CODE1=369819,CODE2=115156187,LEMMA=أمس,BF=أمس,LEX=N,POS=NOU,MOR=WFO,LST=WRD,GEN=MCL,NUM=SNGT,PAR=M0,FRA=Y0,ABN=ABT,ALY=ALI,ANI=NANM,CAR=NCTB,SEM=TIM,SFR=K0,
177,255,0,إن,CODE1=87594,CODE2=NULL,LEMMA=إن,BF=إن,LEX=C,POS=SCJ,LST=WRD,PAR=M0,FRA=Y0,SEM=XXX,SFR=K0,rel=con,,,,,,,
178,106,1,أتذكر,CODE1=1439225,CODE2=200609683,LEMMA=تذكر,BF=تذكر,LEX=V,POS=VER,LST=WRD,NUM=SNG,PER=1PS,ATE=PRS,MOO=IND,VOI=ACV,TRA=NACC,PAR=M409,FRA=Y0,SEM=CGV,,,
179,12,0,أجدد,CODE1=1352930,CODE2=201146051,LEMMA=جد,BF=جد,LEX=V,POS=VER,LST=WRD,NUM=SNG,PER=1PS,ATE=PRS,MOO=JUS,VOI=ACV,TRA=NERG,PAR=M160,FRA=Y20,SEM=CPT,,,
180,73,1,أحب,CODE1=504526,CODE2=201777210,LEMMA=أحب,BF=أحب,LEX=V,POS=VER,LST=WRD,GEN=MCL,NUM=SNG,PER=3PS,ATE=PAS,VOI=ACV,TRA=TSTD,PAR=M1,FRA=Y0,SEM=EMO,,,
181,94,2,أحسن,CODE1=126313,CODE2=300227507,LEMMA=أحسن,BF=أحسن,LEX=J,POS=ADJ,LST=WRD,GEN=COM,NUM=INV,DEG=SUP,PAR=M1,FRA=Y0,,,,,,,
182,20,0,أحلى,CODE1=266608,CODE2=300217728,LEMMA=أجمل,BF=أجمل,LEX=J,POS=ADJ,LST=WRD,GEN=COM,NUM=INV,DEG=SUP,PAR=M1,FRA=Y0,SEM=VLE,,,,,,
183,20,0,أحلي,CODE1=266608,CODE2=300217728,LEMMA=أجمل,BF=أجمل,LEX=J,POS=ADJ,LST=WRD,GEN=COM,NUM=INV,DEG=SUP,PAR=M1,FRA=Y0,SEM=VLE,,,,,,
184,92,10,أخدتوا,CODE1=935520,CODE2=202599636,LEMMA=أخذ,BF=أخذ,LEX=V,POS=VER,LST=WRD,GEN=MCL,NUM=PLR,PER=2PP,ATE=PAS,VOI=ACV,TRA=TSTD,PAR=M13,FRA=Y0,SEM=SOV,,,
185,35,2,أخر,CODE1=316683,CODE2=108566028,LEMMA=نهاية,BF=نهاية,LEX=N,POS=NOU,MOR=WFO,LST=WRD,GEN=FEM,NUM=SNG,PAR=M533,FRA=Y0,ABN=CCT,ALY=NALI,ANI=NANM,CAR=CTB,SEM=LCT,SFR=K0,
186,64,2,أرجو,CODE1=1234811,CODE2=201826723,LEMMA=رجا,BF=رجا,LEX=V,POS=VER,LST=WRD,NUM=SNG,PER=1PS,ATE=PRS,MOO=IND,VOI=ACV,TRA=TSTD,PAR=M12,FRA=Y0,SEM=EMO,,,
187,84,10,أرسلت,CODE1=544030,CODE2=201951480,LEMMA=أرسل,BF=أرسل,LEX=V,POS=VER,LST=WRD,NUM=SNG,PER=1PS,ATE=PAS,VOI=PSV,TRA=TST2,PAR=M124,FRA=Y521,SEM=MOT,,,,
188,132,10,أرقام,CODE1=279232,CODE2=105121418,LEMMA=رقم,BF=رقم,LEX=N,POS=NOU,LST=WRD,GEN=MCL,NUM=PLR,PAR=M541,FRA=Y0,ABN=ABT,ALY=NALI,ANI=NANM,CAR=CTB,SEM=ATT,SFR=K0,,
189,4,0,أستاذ,CODE1=442443,CODE2=106341340,LEMMA=أستاذ,BF=أستاذ,LEX=N,POS=NOU,LST=WRD,GEN=MCL,NUM=SNG,PAR=M587,FRA=Y0,ABN=ABT,ALY=NALI,ANI=NANM,CAR=CTB,SEM=CMN,SFR=K0,,
190,24,1,أسترد,CODE1=560457,CODE2=202247977,LEMMA=استرد,BF=استرد,LEX=V,POS=VER,LST=WRD,NUM=SNG,PER=1PS,ATE=PRS,MOO=IND,VOI=ACV,TRA=TSTD,PAR=M272,FRA=Y0,SEM=POV,,,
191,24,10,أستفيد,CODE1=560911,CODE2=202290461,LEMMA=استفاد,BF=استفاد,LEX=V,POS=VER,LST=WRD,NUM=SNG,PER=1PS,ATE=PRS,MOO=IND,VOI=ACV,TRA=TSTI,PAR=M273,FRA=Y527,SEM=POV,,,
192,62,2,أستهلك,CODE1=508437,CODE2=201156834,LEMMA=استهلك,BF=استهلك,LEX=V,POS=VER,LST=WRD,NUM=SNG,PER=1PS,ATE=PRS,MOO=IND,VOI=ACV,TRA=TSTD,PAR=M121,FRA=Y0,SEM=CSM,,,
193,255,1,أسمع,CODE1=956561,CODE2=202169702,LEMMA=سمع,BF=سمع,LEX=V,POS=VER,LST=WRD,NUM=SNG,PER=1PS,ATE=PRS,MOO=IND,VOI=ACV,TRA=TSTD,PAR=M10,FRA=Y0,SEM=PCP,,,
194,255,1,أسمع,CODE1=956561,CODE2=202169702,LEMMA=سمع,BF=سمع,LEX=V,POS=VER,LST=WRD,NUM=SNG,PER=1PS,ATE=PRS,MOO=IND,VOI=ACV,TRA=TSTD,PAR=M10,FRA=Y0,SEM=PCP,,,
195,136,10,أشتري,CODE1=1414237,CODE2=202207206,LEMMA=اشترى,BF=اشترى,LEX=V,POS=VER,LST=WRD,NUM=SNG,PER=1PS,ATE=PRS,MOO=IND,VOI=ACV,TRA=TSTD,PAR=M223,FRA=Y16,SEM=POV,,,
196,100,1,أعرف,CODE1=1975152,CODE2=200608670,LEMMA=عرف,BF=عرف,LEX=V,POS=VER,LST=WRD,NUM=SNG,PER=1PS,ATE=PRS,MOO=IND,VOI=ACV,TRA=TSTD,PAR=M10,FRA=Y0,SEM=CGV,,,
197,100,1,أعرف,CODE1=1975152,CODE2=200608670,LEMMA=عرف,BF=عرف,LEX=V,POS=VER,LST=WRD,NUM=SNG,PER=1PS,ATE=PRS,MOO=IND,VOI=ACV,TRA=TSTD,PAR=M10,FRA=Y0,SEM=CGV,,,
198,179,10,أعطيتم,CODE1=1377727,CODE2=202316868,LEMMA=أعطى,BF=أعطى,LEX=V,POS=VER,LST=WRD,GEN=MCL,NUM=PLR,PER=2PP,ATE=PAS,VOI=ACV,TRA=TST2,PAR=M222,FRA=Y18,SEM=POV,,,
199,255,10,أعمل,CODE1=1160070,CODE2=202560585,LEMMA=عمل,BF=عمل,LEX=V,POS=VER,LST=WRD,NUM=SNG,PER=1PS,ATE=PRS,MOO=IND,VOI=ACV,TRA=TSTD,PAR=M10,FRA=Y0,SEM=SOV,,,
200,255,10,أعمل,CODE1=1160070,CODE2=202560585,LEMMA=عمل,BF=عمل,LEX=V,POS=VER,LST=WRD,NUM=SNG,PER=1PS,ATE=PRS,MOO=IND,VOI=ACV,TRA=TSTD,PAR=M10,FRA=Y0,SEM=SOV,,,
201,255,255,أغلب,CODE1=87629,CODE2=NULL,LEMMA=أغلب,BF=أغلب,LEX=D,POS=QUA,LST=WRD,PAR=M0,FRA=Y0,SEM=XXX,SFR=K0,att=@majority,,,,,,,
202,46,1,أغنية,CODE1=284730,CODE2=107048000,LEMMA=أغنية,BF=أغنية,LEX=N,POS=NOU,MOR=WFO,LST=WRD,GEN=FEM,NUM=SNG,PAR=M533,FRA=Y0,ABN=CCT,ALY=ALI,ANI=NANM,CAR=CTB,SEM=CMN,SFR=K0,
203,46,1,أغنيه,CODE1=284730,CODE2=107048000,LEMMA=أغنية,BF=أغنية,LEX=N,POS=NOU,MOR=WFO,LST=WRD,GEN=FEM,NUM=SNG,PAR=M533,FRA=Y0,ABN=CCT,ALY=ALI,ANI=NANM,CAR=CTB,SEM=CMN,SFR=K0,
204,94,1,أفضل,CODE1=96885,CODE2=300227507,LEMMA=أفضل,BF=أفضل,LEX=J,POS=ADJ,LST=WRD,GEN=MCL,NUM=SNG,DEG=SUP,PAR=M716,FRA=Y0,,,,,,,
205,1,1,أقرب,CODE1=85383,CODE2=400408021,LEMMA=أقرب,BF=أقرب,LEX=A,POS=AAV,LST=WRD,PAR=M0,FRA=Y0,SEM=MAN,,,,,,,,,
206,255,255,أكتر,CODE1=87636,CODE2=NULL,LEMMA=أكثر,BF=أكثر,LEX=D,POS=QUA,LST=WRD,PAR=M0,FRA=Y0,SEM=XXX,SFR=K0,att=@more,,,,,,,
207,9,1,أكذب,CODE1=475955,CODE2=200834259,LEMMA=كذب,BF=كذب,LEX=V,POS=VER,LST=WRD,NUM=SNG,PER=1PS,ATE=PRS,MOO=IND,VOI=ACV,TRA=TSTI,PAR=M107,FRA=Y17,SEM=CMV,,,
208,161,5,أكلم,CODE1=1183218,CODE2=200962447,LEMMA=كلم,BF=كلم,LEX=V,POS=VER,LST=WRD,NUM=SNG,PER=1PS,ATE=PRS,MOO=IND,VOI=ACV,TRA=TSTI,PAR=M10,FRA=Y524,SEM=CMV,,,
209,1,1,ألبوم,CODE1=306277,CODE2=102695079,LEMMA=ألبوم,BF=ألبوم,LEX=N,POS=NOU,MOR=WFO,LST=WRD,GEN=MCL,NUM=SNG,PAR=M534,FRA=Y0,ABN=CCT,ANI=NANM,SEM=ARF,,,,
210,10,1,ألغى,CODE1=614806,CODE2=202477755,LEMMA=ألغى,BF=ألغى,LEX=V,POS=VER,LST=WRD,NUM=SNG,PER=1PS,ATE=PRS,MOO=IND,VOI=PSV,TRA=TSTD,PAR=M222,FRA=Y0,SEM=SOV,,,
211,10,1,ألغي,CODE1=614806,CODE2=202477755,LEMMA=ألغى,BF=ألغى,LEX=V,POS=VER,LST=WRD,NUM=SNG,PER=1PS,ATE=PRS,MOO=IND,VOI=PSV,TRA=TSTD,PAR=M222,FRA=Y0,SEM=SOV,,,
212,16,1,أمبارح,CODE1=369819,CODE2=115156187,LEMMA=أمس,BF=أمس,LEX=N,POS=NOU,MOR=WFO,LST=WRD,GEN=MCL,NUM=SNGT,PAR=M0,FRA=Y0,ABN=ABT,ALY=ALI,ANI=NANM,CAR=NCTB,SEM=TIM,SFR=K0,
213,255,255,أنا,CODE1=443019,CODE2=00.@1.@singular,LEMMA=أنا,BF=أنا,LEX=R,POS=PPR,LST=WRD,PER=1PS,PAR=M0,FRA=Y0,,,,,,,,,
214,255,255,أنا,CODE1=443019,CODE2=00.@1.@singular,LEMMA=أنا,BF=أنا,LEX=R,POS=PPR,LST=WRD,PER=1PS,PAR=M0,FRA=Y0,,,,,,,,,
215,255,255,أنت,CODE1=443017,CODE2=00.@2.@male.@singular,LEMMA=أنت,BF=أنت,LEX=R,POS=PPR,LST=WRD,PER=2PS,PAR=M0,FRA=Y0,att=@2,att=@male,att=@singular,SEM=XXX,SFR=K0,,,,
216,255,255,أنتم,CODE1=443014,CODE2=00.@2.@male.@pl,LEMMA=أنتم,BF=أنتم,LEX=R,POS=PPR,LST=WRD,PER=2PP,PAR=M0,FRA=Y0,att=@2,att=@male,att=@pl,SEM=XXX,SFR=K0,,,,
217,255,255,أنتوا,CODE1=443014,CODE2=00.@2.@male.@pl,LEMMA=أنتم,BF=أنتم,LEX=R,POS=PPR,LST=WRD,PER=2PP,PAR=M0,FRA=Y0,att=@2,att=@male,att=@pl,SEM=XXX,SFR=K0,,,,
218,24,1,أنظمة,CODE1=441435,CODE2=105726596,LEMMA=نظام,BF=نظام,LEX=N,POS=NOU,LST=WRD,GEN=MCL,NUM=PLR,PAR=M551,FRA=Y0,ABN=ABT,ALY=ALI,ANI=NANM,CAR=NCTB,SEM=CGN,SFR=K0,,
219,24,1,أنظمه,CODE1=441435,CODE2=105726596,LEMMA=نظام,BF=نظام,LEX=N,POS=NOU,LST=WRD,GEN=MCL,NUM=PLR,PAR=M551,FRA=Y0,ABN=ABT,ALY=ALI,ANI=NANM,CAR=NCTB,SEM=CGN,SFR=K0,,
220,0,0,أو,CODE1=87596,CODE2=NULL,LEMMA=أو,BF=أو,LEX=C,POS=COO,LST=WRD,PAR=M0,FRA=Y0,SEM=XXX,SFR=K0,rel=or,,,,,,,
221,232,1,أول,CODE1=101313,CODE2=301010862,LEMMA=أول,BF=أول,LEX=J,POS=ADJ,MOR=WFO,LST=WRD,GEN=MCL,NUM=SNG,DEG=PST,PAR=M1,FRA=Y0,SEM=VLE,,,,,
222,255,0,أى,CODE1=87640,CODE2=NULL,LEMMA=أية,BF=أية,LEX=D,POS=QUA,LST=WRD,PAR=M0,FRA=Y0,att=@any,SEM=XXX,SFR=K0,att=@any,,,,,,
223,47,1,أي,CODE1=171663,CODE2=302267686,LEMMA=أي,BF=أي,LEX=J,POS=ADJ,LST=WRD,PAR=M0,FRA=Y0,,,,,,,,,,
224,255,0,أي,CODE1=87640,CODE2=NULL,LEMMA=أية,BF=أية,LEX=D,POS=QUA,LST=WRD,PAR=M0,FRA=Y0,att=@any,SEM=XXX,SFR=K0,att=@any,,,,,,
225,172,1,أيام,CODE1=283127,CODE2=115155220,LEMMA=يوم,BF=يوم,LEX=N,POS=NOU,MOR=WFO,LST=WRD,GEN=MCL,NUM=PLR,PAR=M659,FRA=Y0,ABN=ABT,ALY=ALI,ANI=NANM,CAR=CTB,SEM=TIM,SFR=K0,
226,0,0,أية,CODE1=266940,CODE2=302267686,LEMMA=أية,BF=أية,LEX=J,POS=ADJ,LST=WRD,PAR=M0,FRA=Y0,,,,,,,,,,
227,0,0,أيه,CODE1=266940,CODE2=302267686,LEMMA=أية,BF=أية,LEX=J,POS=ADJ,LST=WRD,PAR=M0,FRA=Y0,,,,,,,,,,
228,255,2,آتي,CODE1=1974614,CODE2=201849221,LEMMA=أتى,BF=أتى,LEX=V,POS=VER,LST=WRD,NUM=SNG,PER=1PS,ATE=PRS,MOO=IND,VOI=ACV,TRA=TSTI,PAR=M157,FRA=Y520,SEM=MOT,,,
229,255,255,ب,CODE1=442971,CODE2=NULL,LEMMA=ب,BF=ب,LEX=P,POS=PRE,LST=WRD,PAR=M0,FRA=Y0,att=@by,SEM=XXX,SFR=K0,rel=man,,,,,,
300,26,1,باقات,CODE1=307480,CODE2=107959943,LEMMA=باقة,BF=باقة,LEX=N,POS=NOU,MOR=WFO,LST=WRD,GEN=FEM,NUM=PLR,PAR=M533,FRA=Y0,ANI=NANM,ABN=ABT,ALY=ALI,ANI=NANM,CAR=CTB,SEM=GRO,SFR=K0
231,26,1,باقة,CODE1=307476,CODE2=107959943,LEMMA=باقة,BF=باقة,LEX=N,POS=NOU,MOR=WFO,LST=WRD,GEN=FEM,NUM=SNG,PAR=M533,FRA=Y0,ANI=NANM,ABN=ABT,ALY=ALI,ANI=NANM,CAR=CTB,SEM=GRO,SFR=K0
232,26,1,باقة,CODE1=307476,CODE2=107959943,LEMMA=باقة,BF=باقة,LEX=N,POS=NOU,MOR=WFO,LST=WRD,GEN=FEM,NUM=SNG,PAR=M533,FRA=Y0,ANI=NANM,ABN=ABT,ALY=ALI,ANI=NANM,CAR=CTB,SEM=GRO,SFR=K0
233,26,1,باقت,CODE1=307476,CODE2=107959943,LEMMA=باقة,BF=باقة,LEX=N,POS=NOU,MOR=WFO,LST=WRD,GEN=FEM,NUM=SNG,PAR=M533,FRA=Y0,ANI=NANM,ABN=ABT,ALY=ALI,ANI=NANM,CAR=CTB,SEM=GRO,SFR=K0
234,26,1,باقه,CODE1=307476,CODE2=107959943,LEMMA=باقة,BF=باقة,LEX=N,POS=NOU,MOR=WFO,LST=WRD,GEN=FEM,NUM=SNG,PAR=M533,FRA=Y0,ANI=NANM,ABN=ABT,ALY=ALI,ANI=NANM,CAR=CTB,SEM=GRO,SFR=K0
235,255,255,بالنسبة,CODE1=0,CODE2=NULL,LEMMA=ب,BF=ل,LEX=P,POS=PRE,LST=WRD,PAR=M0,FRA=Y0,att=@for,SEM=XXX,SFR=K0,,,,,,,
236,1,10,ببلاش,CODE1=87506,CODE2=400258175,LEMMA=مجانا,BF=مجانا,LEX=A,POS=AAV,LST=WRD,PAR=M0,FRA=Y0,SEM=MAN,,,,,,,,,
237,1,10,ببلاش يعني,CODE1=87506,CODE2=400258175,LEMMA=مجانا,BF=مجانا,LEX=A,POS=AAV,LST=WRD,PAR=M0,FRA=Y0,SEM=MAN,,,,,,,,,
238,255,10,بتاع,CODE1=135609,CODE2=301768724,LEMMA=خاص,BF=خاص,LEX=J,POS=ADJ,LST=WRD,GEN=MCL,NUM=SNG,DEG=PST,PAR=M474,FRA=Y0,SEM=VLE,,,,,,
239,255,10,بتساوى,CODE1=1150622,CODE2=202664769,LEMMA=ساوى,BF=ساوى,LEX=V,POS=VER,LST=WRD,GEN=FEM,NUM=SNG,PER=3PS,ATE=PRS,MOO=IND,VOI=ACV,TRA=TST2,PAR=M243,FRA=Y518,SEM=STT,,
240,255,10,بتساوي,CODE1=1150622,CODE2=202664769,LEMMA=ساوى,BF=ساوى,LEX=V,POS=VER,LST=WRD,GEN=FEM,NUM=SNG,PER=3PS,ATE=PRS,MOO=IND,VOI=ACV,TRA=TST2,PAR=M243,FRA=Y518,SEM=STT,,
241,1,1,بتصوموا,CODE1=1379601,CODE2=201189604,LEMMA=صام,BF=صام,LEX=V,POS=VER,LST=WRD,GEN=MCL,NUM=PLR,PER=2PP,ATE=PRS,MOO=SUB,VOI=ACV,TRA=NERG,PAR=M103,FRA=Y20,SEM=CSM,,
242,118,20,بتعدي,CODE1=524849,CODE2=202372605,LEMMA=مر,BF=مر,LEX=V,POS=VER,LST=WRD,GEN=FEM,NUM=SNG,PER=3PS,ATE=PRS,VOI=ACV,TRA=TSTI,PAR=M1,FRA=Y17,SEM=SOV,,,
243,68,1,بتفتح,CODE1=1150970,CODE2=201346003,LEMMA=فتح,BF=فتح,LEX=V,POS=VER,LST=WRD,GEN=FEM,NUM=SNG,PER=3PS,ATE=PRS,MOO=IND,VOI=ACV,TRA=TSTD,PAR=M10,FRA=Y0,SEM=CTC,,
244,255,10,بتفتحش,CODE1=1159800,CODE2=202560585,LEMMA=عمل,BF=عمل,LEX=V,POS=VER,LST=WRD,GEN=MCL,NUM=SNG,PER=2PS,ATE=PRS,MOO=IND,VOI=ACV,TRA=TSTD,PAR=M10,FRA=Y0,SEM=SOV,,
245,260,4,بجد,CODE1=84744,CODE2=400149510,LEMMA=فعلا,BF=فعلا,LEX=A,POS=AAV,LST=WRD,PAR=M0,FRA=Y0,SEM=MAN,,,,,,,,,
246,73,1,بحب,CODE1=504526,CODE2=201777210,LEMMA=أحب,BF=أحب,LEX=V,POS=VER,LST=WRD,GEN=MCL,NUM=SNG,PER=3PS,ATE=PAS,VOI=ACV,TRA=TSTD,PAR=M1,FRA=Y0,SEM=EMO,,,
247,210,1,بدخل,CODE1=498559,CODE2=202016523,LEMMA=دخل,BF=دخل,LEX=V,POS=VER,LST=WRD,NUM=SNG,PER=1PS,ATE=PRS,MOO=IND,VOI=ACV,TRA=TSTD,PAR=M10,FRA=Y0,SEM=MOT,,,
248,0,0,برج القاهرة,CODE1=82285,CODE2=500282344,LEMMA=برج القاهرة,BF=برج القاهرة,LEX=E,POS=PPN,LST=MTW,GEN=MCL,NUM=SNGT,PAR=M0,FRA=Y0,,,,,,,,
249,255,0,بسبب,CODE1=442987,CODE2=NULL,LEMMA=بسبب,BF=بسبب,LEX=P,POS=PRE,LST=WRD,PAR=M0,FRA=Y0,att=@because,rel=rsn,SEM=XXX,SFR=K0,rel=rsn, att=@why,,,,
250,255,0,بسبب,CODE1=442987,CODE2=NULL,LEMMA=بسبب,BF=بسبب,LEX=P,POS=PRE,LST=WRD,PAR=M0,FRA=Y0,att=@because,rel=rsn,SEM=XXX,SFR=K0,rel=rsn, att=@why,,,,
251,56,1,بسيط,CODE1=109519,CODE2=302174896,LEMMA=بسيط,BF=بسيط,LEX=J,POS=ADJ,MOR=ROO,LST=WRD,GEN=MCL,NUM=SNG,DEG=PST,PAR=M450,FRA=Y0,SEM=VLE,,,,,
252,84,10,بعت,CODE1=544030,CODE2=201951480,LEMMA=أرسل,BF=أرسل,LEX=V,POS=VER,LST=WRD,NUM=SNG,PER=1PS,ATE=PAS,VOI=PSV,TRA=TST2,PAR=M124,FRA=Y521,SEM=MOT,,,,
253,255,1,بكون,CODE1=449811,CODE2=202749904,LEMMA=كان,BF=كان,LEX=V,POS=VER,LST=WRD,NUM=SNG,PER=1PS,ATE=PRS,MOO=IND,VOI=ACV,TRA=NACC,PAR=M109,FRA=Y0,SEM=STT,,,
254,255,255,بلاش,CODE1=442939,CODE2=NULL,LEMMA=بدون,BF=بدون,LEX=O,POS=PTC,LST=WRD,PAR=M0,FRA=Y0,att=@without,rel=MAN,SEM=XXX,SFR=K0,rel=man, att=@without,,,,
255,161,10,بيتكلم,CODE1=484505,CODE2=200962447,LEMMA=تكلم,BF=تكلم,LEX=V,POS=VER,LST=WRD,GEN=MCL,NUM=SNG,PER=3PS,ATE=PRS,MOO=IND,VOI=ACV,TRA=NERG,PAR=M409,FRA=Y0,SEM=CMV,,
256,27,1,بيستقبل,CODE1=1006015,CODE2=202107248,LEMMA=استقبل,BF=استقبل,LEX=V,POS=VER,LST=WRD,GEN=MCL,NUM=SNG,PER=3PS,ATE=PRS,MOO=IND,VOI=ACV,TRA=TSTD,PAR=M121,FRA=Y0,SEM=PCP,,
257,255,1,بيسمع,CODE1=956291,CODE2=202169702,LEMMA=سمع,BF=سمع,LEX=V,POS=VER,LST=WRD,GEN=MCL,NUM=SNG,PER=3PS,ATE=PRS,MOO=IND,VOI=ACV,TRA=TSTD,PAR=M10,FRA=Y0,SEM=PCP,,
258,70,1,بيطلع,CODE1=921273,CODE2=202609764,LEMMA=انتهى,BF=انتهى,LEX=V,POS=VER,LST=WRD,GEN=MCL,NUM=SNG,PER=3PS,ATE=PRS,MOO=JUS,VOI=ACV,TRA=NACC,PAR=M381,FRA=Y0,SEM=STT,,
259,255,10,بيفتح,CODE1=1159584,CODE2=202560585,LEMMA=عمل,BF=عمل,LEX=V,POS=VER,LST=WRD,GEN=MCL,NUM=SNG,PER=3PS,ATE=PRS,MOO=IND,VOI=ACV,TRA=TSTD,PAR=M10,FRA=Y0,SEM=SOV,,
260,255,1,بيكون,CODE1=449691,CODE2=202749904,LEMMA=كان,BF=كان,LEX=V,POS=VER,LST=WRD,GEN=MCL,NUM=SNG,PER=3PS,ATE=PRS,MOO=IND,VOI=ACV,TRA=NACC,PAR=M109,FRA=Y0,SEM=STT,,
261,1,1,تابع,CODE1=188465,CODE2=300552618,LEMMA=تابع,BF=تابع,LEX=J,POS=PTL,LST=WRD,GEN=MCL,NUM=SNG,DEG=PST,PAR=M474,FRA=Y714,,,,,,,
262,92,10,تاخد,CODE1=935440,CODE2=202599636,LEMMA=أخذ,BF=أخذ,LEX=V,POS=VER,LST=WRD,GEN=FEM,NUM=SNG,PER=3PS,ATE=PRS,MOO=IND,VOI=ACV,TRA=TSTD,PAR=M13,FRA=Y0,SEM=SOV,,
263,255,255,تانى,CODE1=443033,CODE2=00.@other,LEMMA=آخر,BF=آخر,LEX=R,POS=NPR,LST=WRD,PAR=M0,FRA=Y0,GEN=MCL,SEM=NOB,SFR=K0,,,,,,,
264,104,10,تبطلو,CODE1=985653,CODE2=202680814,LEMMA=توقف,BF=توقف,LEX=V,POS=VER,LST=WRD,GEN=MCL,NUM=PLR,PER=2PP,ATE=PRS,MOO=SUB,VOI=ACV,TRA=NERG,PAR=M409,FRA=Y0,SEM=STT,,
265,255,1,تبقى,CODE1=449715,CODE2=202749904,LEMMA=كان,BF=كان,LEX=V,POS=VER,LST=WRD,GEN=FEM,NUM=SNG,PER=3PS,ATE=PRS,MOO=IND,VOI=ACV,TRA=NACC,PAR=M109,FRA=Y0,SEM=STT,,
266,10,1,تجددو,CODE1=615762,CODE2=202552449,LEMMA=جدد,BF=جدد,LEX=V,POS=VER,LST=WRD,GEN=MCL,NUM=PLR,PER=2PP,ATE=PRS,MOO=IND,VOI=ACV,TRA=TSTD,PAR=M123,FRA=Y16,SEM=SOV,,
267,10,1,تجددوا,CODE1=615762,CODE2=202552449,LEMMA=جدد,BF=جدد,LEX=V,POS=VER,LST=WRD,GEN=MCL,NUM=PLR,PER=2PP,ATE=PRS,MOO=IND,VOI=ACV,TRA=TSTD,PAR=M123,FRA=Y16,SEM=SOV,,
268,10,1,تجددوا,CODE1=615762,CODE2=202552449,LEMMA=جدد,BF=جدد,LEX=V,POS=VER,LST=WRD,GEN=MCL,NUM=PLR,PER=2PP,ATE=PRS,MOO=IND,VOI=ACV,TRA=TSTD,PAR=M123,FRA=Y16,SEM=SOV,,
269,28,1,تجربة,CODE1=436652,CODE2=107285403,LEMMA=تجربة,BF=تجربة,LEX=N,POS=NOU,LST=WRD,GEN=FEM,NUM=SNG,PAR=M583,FRA=Y0,ANI=NANM,SEM=ACT,ABN=ABT,ALY=ALI,ANI=NANM,CAR=NCTB,SEM=NEV,SFR=K0
270,23,1,تحفة,CODE1=266942,CODE2=301586342,LEMMA=جميل,BF=جميل,LEX=J,POS=ADJ,LST=WRD,GEN=MCL,NUM=SNG,PAR=M445,FRA=Y0,,,,,,,,
271,23,1,تحفه,CODE1=266942,CODE2=301586342,LEMMA=جميل,BF=جميل,LEX=J,POS=ADJ,LST=WRD,GEN=MCL,NUM=SNG,PAR=M445,FRA=Y0,,,,,,,,
272,1,1,تحميل,CODE1=315181,CODE2=100713952,LEMMA=تحميل,BF=تحميل,LEX=N,POS=NOU,MOR=WFO,LST=WRD,GEN=MCL,NUM=SNGT,PAR=M0,FRA=Y0,ANI=NANM,ABN=ABT,ANI=NANM,SEM=ACT,,,
273,60,1,تدعوا,CODE1=769221,CODE2=201469770,LEMMA=دعا,BF=دعا,LEX=V,POS=VER,MOR=WFO,LST=WRD,GEN=FEM,NUM=DUA,PER=3PP,ATE=PRS,MOO=JUS,VOI=ACV,TRA=TSTD,PAR=M12,FRA=Y16,SEM=CTC,
274,9,1,تريحو,CODE1=1246210,CODE2=202412175,LEMMA=أراح,BF=أراح,LEX=V,POS=VER,LST=WRD,GEN=MCL,NUM=PLR,PER=2PP,ATE=PRS,MOO=JUS,VOI=ACV,TRA=TSTD,PAR=M250,FRA=Y0,SEM=SOV,,
275,9,1,تريحوا,CODE1=1246210,CODE2=202412175,LEMMA=أراح,BF=أراح,LEX=V,POS=VER,LST=WRD,GEN=MCL,NUM=PLR,PER=2PP,ATE=PRS,MOO=JUS,VOI=ACV,TRA=TSTD,PAR=M250,FRA=Y0,SEM=SOV,,
276,25,1,تسوق,CODE1=1293132,CODE2=201930117,LEMMA=ساق,BF=ساق,LEX=V,POS=VER,LST=WRD,GEN=FEM,NUM=SNG,PER=3PS,ATE=PRS,MOO=IND,VOI=ACV,TRA=TSTD,PAR=M103,FRA=Y0,SEM=MOT,,
277,60,1,تعزموا,CODE1=769221,CODE2=201469770,LEMMA=دعا,BF=دعا,LEX=V,POS=VER,MOR=WFO,LST=WRD,GEN=FEM,NUM=DUA,PER=3PP,ATE=PRS,MOO=JUS,VOI=ACV,TRA=TSTD,PAR=M12,FRA=Y16,SEM=CTC,
278,22,1,تفاجئ,CODE1=1493967,CODE2=200725274,LEMMA=فاجأ,BF=فاجأ,LEX=V,POS=VER,LST=WRD,GEN=FEM,NUM=SNG,PER=3PS,ATE=PRS,MOO=IND,VOI=ACV,TRA=TSTD,PAR=M244,FRA=Y16,SEM=CGV,,
279,0,10,تفاصيل,CODE1=439077,CODE2=106642518,LEMMA=تفاصيل,BF=تفاصيل,LEX=N,POS=NOU,LST=WRD,GEN=FEM,NUM=PLRT,PAR=M0,FRA=Y0,ANI=NANM,SEM=CMN,,,,,,
280,118,10,تقدم,CODE1=1973496,CODE2=202372605,LEMMA=تقدم,BF=تقدم,LEX=V,POS=VER,LST=WRD,GEN=MCL,NUM=SNG,PER=3PS,ATE=PAS,VOI=ACV,TRA=NERG,PAR=M409,FRA=Y20,SEM=SOV,,,
281,58,1,تقطعوا,CODE1=509216,CODE2=201552519,LEMMA=قطع,BF=قطع,LEX=V,POS=VER,LST=WRD,GEN=MCL,NUM=PLR,PER=2PP,ATE=PRS,MOO=SUB,VOI=ACV,TRA=TSTD,PAR=M10,FRA=Y16,SEM=CTC,,
282,2,1,تقوية,CODE1=315731,CODE2=100374224,LEMMA=تقوية,BF=تقوية,LEX=N,POS=NOU,MOR=WFO,LST=WRD,GEN=FEM,NUM=SNGT,PAR=M0,FRA=Y0,ANI=NANM,ABN=ABT,ANI=NANM,SEM=ACT,,,
283,255,1,تكون,CODE1=449715,CODE2=202749904,LEMMA=كان,BF=كان,LEX=V,POS=VER,LST=WRD,GEN=FEM,NUM=SNG,PER=3PS,ATE=PRS,MOO=IND,VOI=ACV,TRA=NACC,PAR=M109,FRA=Y0,SEM=STT,,
284,255,255,تلات,CODE1=3,CODE2=NULL,LEMMA=ثلاث,BF=ثلاث,LEX=U,POS=CDN,LST=WRD,GEN=MCL,NUM=SNG,PAR=M1,FRA=Y0,DIGIT=0,TEMP=0,,,,,,
285,0,0,تم,CODE1=1997153,CODE2=200484166,LEMMA=تم,BF=تم,LEX=V,POS=VER,LST=WRD,GEN=MCL,NUM=SNG,PER=3PS,ATE=PAS,VOI=ACV,TRA=NACC,PAR=M160,FRA=Y0,SEM=CHA,,,
286,69,20,تمام,CODE1=453538,CODE2=200205885,LEX=A; POS=AAV; LST=WRD; PAR=M0; FRA=Y0,,,,,,,,,,,,,,,,
287,1,1,توفيق,CODE1=354233,CODE2=100185104,LEMMA=توفيق,BF=توفيق,LEX=N,POS=NOU,MOR=WFO,LST=WRD,GEN=MCL,NUM=SNGT,PAR=M0,FRA=Y735,ABN=ABT,ANI=NANM,SEM=ACT,,,,
288,0,0,ج,CODE1=442850,CODE2=113386614,LEMMA=جنيه,BF=جنيه,LEX=N,POS=NOU,LST=WRD,GEN=MCL,NUM=SNG,PAR=M534,FRA=Y0,ABN=ABT,ALY=ALI,ANI=NANM,CAR=NCTB,SEM=PON,SFR=K0,,
289,140,1,جامعة,CODE1=287538,CODE2=104511002,LEMMA=جامعة,BF=جامعة,LEX=N,POS=NOU,MOR=WFO,LST=WRD,GEN=FEM,NUM=SNG,PAR=M533,FRA=Y0,ABN=CCT,ALY=ALI,ANI=NANM,CAR=CTB,SEM=ARF,SFR=K0,
290,140,1,جامعه,CODE1=287538,CODE2=104511002,LEMMA=جامعة,BF=جامعة,LEX=N,POS=NOU,MOR=WFO,LST=WRD,GEN=FEM,NUM=SNG,PAR=M533,FRA=Y0,ABN=CCT,ALY=ALI,ANI=NANM,CAR=CTB,SEM=ARF,SFR=K0,
291,255,2,جايل,CODE1=1974434,CODE2=201849221,LEMMA=أتى,BF=أتى,LEX=V,POS=VER,LST=WRD,GEN=MCL,NUM=SNG,PER=3PS,ATE=PRS,MOO=IND,VOI=ACV,TRA=TSTI,PAR=M157,FRA=Y520,SEM=MOT,,
292,255,1,جدا,CODE1=82583,CODE2=400031899,LEMMA=جدا,BF=جدا,LEX=A,POS=SAV,LST=WRD,PAR=M0,FRA=Y0,POL=AFM,SEM=MAN,SFR=K0,,,,,,,
293,255,1,جديد,CODE1=112110,CODE2=301640850,LEMMA=جديد,BF=جديد,LEX=J,POS=ADJ,MOR=ROO,LST=WRD,GEN=MCL,NUM=SNG,DEG=PST,PAR=M458,FRA=Y0,SEM=VLE,SEM=DMS,SFR=K0,,,
294,255,1,جديدة,CODE1=112127,CODE2=301640850,LEMMA=جديد,BF=جديد,LEX=J,POS=ADJ,MOR=ROO,LST=WRD,GEN=FEM,NUM=SNG,DEG=PST,PAR=M458,FRA=Y0,SEM=VLE,SEM=DMS,SFR=K0,,,
295,23,1,جميلة,CODE1=266952,CODE2=301586342,LEMMA=جميل,BF=جميل,LEX=J,POS=ADJ,LST=WRD,GEN=FEM,NUM=SNG,PAR=M445,FRA=Y0,,,,,,,,
296,23,1,جميلة,CODE1=266952,CODE2=301586342,LEMMA=جميل,BF=جميل,LEX=J,POS=ADJ,LST=WRD,GEN=FEM,NUM=SNG,PAR=M445,FRA=Y0,,,,,,,,
297,23,1,جميله,CODE1=266952,CODE2=301586342,LEMMA=جميل,BF=جميل,LEX=J,POS=ADJ,LST=WRD,GEN=FEM,NUM=SNG,PAR=M445,FRA=Y0,,,,,,,,
298,0,0,جنيه,CODE1=442850,CODE2=113386614,LEMMA=جنيه,BF=جنيه,LEX=N,POS=NOU,LST=WRD,GEN=MCL,NUM=SNG,PAR=M534,FRA=Y0,ABN=ABT,ALY=ALI,ANI=NANM,CAR=NCTB,SEM=PON,SFR=K0,,
299,0,0,جهاز,CODE1=20474,CODE2=500004499,LEMMA=موبايل,BF=موبايل,LEX=E,POS=PPN,LST=WRD,GEN=FEM,NUM=SNGT,PAR=M0,FRA=Y0,ANI=NANM,SEM=LCT,,,,,,
300,255,255,حاجة,CODE1=443039,CODE2=00.@thing,"LEMMA=شيء","BF=شيء",LEX=R,POS=NPR,LST=WRD,PAR=M0,FRA=Y0,att=@thing,,,,,,,,,
301,36,1,حاجه,CODE1=406269,CODE2=105855004,"LEMMA=شيء","BF=شيء",LEX=N,POS=NOU,LST=WRD,GEN=MCL,NUM=SNG,PAR=M545,FRA=Y0,ABN=ABT,ALY=ALI,ANI=ANANM,CAR=CTB,SEM=CGN,SFR=K0,,
302,255,255,حاجه,CODE1=443039,CODE2=00.@thing,"LEMMA=شيء","BF=شيء",LEX=R,POS=NPR,LST=WRD,PAR=M0,FRA=Y0,att=@thing,,,,,,,,,
303,1,1,حافظ,CODE1=200790,CODE2=301888554,LEMMA=حافظ,BF=حافظ,LEX=J,POS=PTL,LST=WRD,GEN=MCL,NUM=SNG,DEG=PST,PAR=M478,FRA=Y0,SEM=VLE,,,,,,
304,1,1,حضرت,CODE1=392294,CODE2=110064046,LEMMA=حضرة,BF=حضرة,LEX=N,POS=NOU,LST=WRD,GEN=COM,NUM=SNG,PAR=M533,FRA=Y0,ABN=CCT,ANI=ANM,SEM=HUM,,,,,
305,83,3,حقيقي,CODE1=108563,CODE2=302460502,LEMMA=حقيقي,BF=حقيقي,LEX=J,POS=ADJ,MOR=ROO,LST=WRD,GEN=MCL,NUM=SNG,DEG=PST,PAR=M466,FRA=Y0,SEM=JJJ,,,,,
306,54,1,حل,CODE1=270360,CODE2=106743506,LEMMA=حل,BF=حل,LEX=N,POS=NOU,LST=WRD,GEN=MCL,NUM=SNG,PAR=M1,FRA=Y0,ABN=ABT,ALY=ALI,ANI=NANM,CAR=CTB,SEM=CMN,SFR=K0,,
307,66,1,حياة,CODE1=309512,CODE2=113963192,LEMMA=حياة,BF=حياة,LEX=N,POS=NOU,MOR=WFO,LST=WRD,GEN=FEM,NUM=SNG,PAR=M1,FRA=Y0,ABN=ABT,ALY=ALI,ANI=NANM,CAR=CTB,SEM=STA,SFR=K0,
308,66,1,حياه,CODE1=309512,CODE2=113963192,LEMMA=حياة,BF=حياة,LEX=N,POS=NOU,MOR=WFO,LST=WRD,GEN=FEM,NUM=SNG,PAR=M1,FRA=Y0,ABN=ABT,ALY=ALI,ANI=NANM,CAR=CTB,SEM=STA,SFR=K0,
309,66,1,حيت,CODE1=309512,CODE2=113963192,LEMMA=حياة,BF=حياة,LEX=N,POS=NOU,MOR=WFO,LST=WRD,GEN=FEM,NUM=SNG,PAR=M1,FRA=Y0,ABN=ABT,ALY=ALI,ANI=NANM,CAR=CTB,SEM=STA,SFR=K0,
310,255,10,خاصة,CODE1=135620,CODE2=301768724,LEMMA=خاص,BF=خاص,LEX=J,POS=ADJ,LST=WRD,GEN=FEM,NUM=SNG,DEG=PST,PAR=M474,FRA=Y0,SEM=VLE,,,,,,
311,130,2,خاصة,CODE1=83638,CODE2=400084223,LEMMA=خاصة,BF=خاصة,LEX=A,POS=SAV,LST=WRD,PAR=M0,FRA=Y0,SEM=MAN,,,,,,,,,
312,24,2,خدمة,CODE1=270943,CODE2=100577525,LEMMA=خدمة,BF=خدمة,LEX=N,POS=NOU,LST=WRD,GEN=FEM,NUM=SNG,PAR=M533,FRA=Y0,ANI=NANM,ABN=ABT,ALY=ALI,ANI=NANM,CAR=CTB,SEM=ACT,SFR=K0,
313,24,2,خدمة,CODE1=270943,CODE2=100577525,LEMMA=خدمة,BF=خدمة,LEX=N,POS=NOU,LST=WRD,GEN=FEM,NUM=SNG,PAR=M533,FRA=Y0,ANI=NANM,ABN=ABT,ALY=ALI,ANI=NANM,CAR=CTB,SEM=ACT,SFR=K0,
314,0,0,"خدمة العملاء",CODE1=68323,CODE2=500288836,"LEMMA=خدمة العملاء","BF=خدمة العملاء",LEX=E,POS=PPN,LST=MTW,GEN=FEM,NUM=SNGT,PAR=M0,FRA=Y0,,,,,,,,
315,0,0,"خدمة عملاء",CODE1=68323,CODE2=500288836,"LEMMA=خدمة العملاء","BF=خدمة العملاء",LEX=E,POS=PPN,LST=MTW,GEN=FEM,NUM=SNGT,PAR=M0,FRA=Y0,,,,,,,,
316,24,2,خدمه,CODE1=270943,CODE2=100577525,LEMMA=خدمة,BF=خدمة,LEX=N,POS=NOU,LST=WRD,GEN=FEM,NUM=SNG,PAR=M533,FRA=Y0,ANI=NANM,ABN=ABT,ALY=ALI,ANI=NANM,CAR=CTB,SEM=ACT,SFR=K0,
317,1,2,خروج,CODE1=438131,CODE2=100044455,LEMMA=خروج,BF=خروج,LEX=N,POS=NOU,LST=WRD,GEN=MCL,NUM=SNGT,PAR=M0,FRA=Y736,ABN=ABT,ANI=NANM,SEM=ACT,,,,,
318,3,1,خصم,CODE1=298748,CODE2=100361192,LEMMA=خصم,BF=خصم,LEX=N,POS=NOU,MOR=WFO,LST=WRD,GEN=MCL,NUM=SNG,PAR=M599,FRA=Y0,ABN=ABT,ANI=NANM,SEM=ACT,,,,
319,50,1,خط,CODE1=287027,CODE2=106799897,LEMMA=خط,BF=خط,LEX=N,POS=NOU,MOR=WFO,LST=WRD,GEN=MCL,NUM=SNG,PAR=M1,FRA=Y0,ABN=CCT,ALY=ALI,ANI=NANM,CAR=CTB,SEM=CMN,SFR=K0,
320,6,1,خطأ,CODE1=384305,CODE2=104802629,LEMMA=خطأ,BF=خطأ,LEX=N,POS=NOU,LST=WRD,GEN=MCL,NUM=SNG,PAR=M545,FRA=Y0,ABN=ABT,ALY=ALI,ANI=NANM,CAR=NCTB,SEM=ATT,SFR=K0,,
321,255,0,خلال,CODE1=442969,CODE2=NULL,LEMMA=خلال,BF=خلال,LEX=P,POS=PRE,LST=WRD,PAR=M0,FRA=Y0,att=@during,rel=DUR,SEM=XXX,SFR=K0,rel=dur,,,,,
322,70,1,خلصت,CODE1=921129,CODE2=202609764,LEMMA=انتهى,BF=انتهى,LEX=V,POS=VER,LST=WRD,NUM=SNG,PER=1PS,ATE=PAS,VOI=ACV,TRA=NACC,PAR=M381,FRA=Y0,SEM=STT,,,,
323,255,1,خليك,CODE1=449743,CODE2=202749904,LEMMA=كان,BF=كان,LEX=V,POS=VER,LST=WRD,GEN=MCL,NUM=SNG,PER=2PS,MOO=IMP,VOI=ACV,TRA=NACC,PAR=M109,FRA=Y0,SEM=STT,,,
324,255,255,دا,CODE1=443046,CODE2=00.@proximal,LEMMA=هذا,BF=هذا,LEX=R,POS=DEP,LST=WRD,PAR=M0,FRA=Y0,att=@proximal,att=@male,att=@singular,,,,,,,
325,211,10,دائما,CODE1=82605,CODE2=400019339,LEMMA=دائما,BF=دائما,LEX=A,POS=AAV,MOR=WFO,LST=WRD,PAR=M0,FRA=Y0,SEM=TIM,,,,,,,,
326,255,255,دة,CODE1=443046,CODE2=00.@proximal,LEMMA=هذا,BF=هذا,LEX=R,POS=DEP,LST=WRD,PAR=M0,FRA=Y0,att=@proximal,att=@male,att=@singular,,,,,,,
327,95,1,دراسة,CODE1=269297,CODE2=100644503,LEMMA=دراسة,BF=دراسة,LEX=N,POS=NOU,LST=WRD,GEN=FEM,NUM=SNG,PAR=M533,FRA=Y0,ANI=NANM,ABN=ABT,ALY=ALI,ANI=NANM,CAR=CTB,SEM=ACT,SFR=K0,
328,95,1,دراسه,CODE1=269297,CODE2=100644503,LEMMA=دراسة,BF=دراسة,LEX=N,POS=NOU,LST=WRD,GEN=FEM,NUM=SNG,PAR=M533,FRA=Y0,ANI=NANM,ABN=ABT,ALY=ALI,ANI=NANM,CAR=CTB,SEM=ACT,SFR=K0,
329,4,1,دعاية,CODE1=297685,CODE2=106674542,LEMMA=دعاية,BF=دعاية,LEX=N,POS=NOU,MOR=WFO,LST=WRD,GEN=FEM,NUM=SNGT,PAR=M0,FRA=Y0,ABN=ABT,ALY=ALI,ANI=NANM,CAR=CTB,SEM=CMN,SFR=K0,
330,4,1,دعايه,CODE1=297685,CODE2=106674542,LEMMA=دعاية,BF=دعاية,LEX=N,POS=NOU,MOR=WFO,LST=WRD,GEN=FEM,NUM=SNGT,PAR=M0,FRA=Y0,ABN=ABT,ALY=ALI,ANI=NANM,CAR=CTB,SEM=CMN,SFR=K0,
331,138,1,دفع,CODE1=500769,CODE2=202251743,LEMMA=دفع,BF=دفع,LEX=V,POS=VER,LST=WRD,GEN=MCL,NUM=SNG,PER=3PS,ATE=PAS,VOI=ACV,TRA=NERG,PAR=M10,FRA=Y0,SEM=POV,,,
332,88,1,دقيقة,CODE1=283233,CODE2=115234764,LEMMA=دقيقة,BF=دقيقة,LEX=N,POS=NOU,MOR=WFO,LST=WRD,GEN=FEM,NUM=SNG,PAR=M581,FRA=Y0,ABN=ABT,ALY=ALI,ANI=NANM,CAR=CTB,SEM=TIM,SFR=K0,
333,88,1,دقيقه,CODE1=283233,CODE2=115234764,LEMMA=دقيقة,BF=دقيقة,LEX=N,POS=NOU,MOR=WFO,LST=WRD,GEN=FEM,NUM=SNG,PAR=M581,FRA=Y0,ABN=ABT,ALY=ALI,ANI=NANM,CAR=CTB,SEM=TIM,SFR=K0,
334,255,1,دلوقت,CODE1=82661,CODE2=400049433,LEMMA=الآن,BF=الآن,LEX=A,POS=AAV,LST=WRD,PAR=M0,FRA=Y0,SEM=TIM,SFR=K0,,,,,,,,
335,255,1,دلوقتى,CODE1=82661,CODE2=400049433,LEMMA=الآن,BF=الآن,LEX=A,POS=AAV,LST=WRD,PAR=M0,FRA=Y0,SEM=TIM,SFR=K0,,,,,,,,
336,255,1,دلوقتي,CODE1=82661,CODE2=400049433,LEMMA=الآن,BF=الآن,LEX=A,POS=AAV,LST=WRD,PAR=M0,FRA=Y0,SEM=TIM,SFR=K0,,,,,,,,
337,255,255,ده,CODE1=443046,CODE2=00.@proximal,LEMMA=هذا,BF=هذا,LEX=R,POS=DEP,LST=WRD,PAR=M0,FRA=Y0,att=@proximal,att=@male,att=@singular,,,,,,,
338,255,255,دى,CODE1=443005,CODE2=00.@proximal,LEMMA=هذه,BF=هذه,LEX=R,POS=DEP,LST=WRD,PAR=M0,FRA=Y0,att=@proximal,att=@female,att=@singular,,,,,,,
339,255,255,دي,CODE1=443005,CODE2=00.@proximal,LEMMA=هذه,BF=هذه,LEX=R,POS=DEP,LST=WRD,PAR=M0,FRA=Y0,att=@proximal,att=@female,att=@singular,,,,,,,
340,51,1,راح,CODE1=1399349,CODE2=200426958,LEMMA=اختفى,BF=اختفى,LEX=V,POS=VER,LST=WRD,GEN=MCL,NUM=SNG,PER=3PS,ATE=PAS,VOI=ACV,TRA=NERG,PAR=M411,FRA=Y0,SEM=CHA,,,
341,56,1,رد,CODE1=328632,CODE2=106746005,LEMMA=رد,BF=رد,LEX=N,POS=NOU,MOR=WFO,LST=WRD,GEN=MCL,NUM=SNG,PAR=M1,FRA=Y0,ABN=ABT,ALY=ALI,ANI=NANM,CAR=CTB,SEM=CMN,SFR=K0,
342,13,1,رسالة,CODE1=271280,CODE2=106626286,LEMMA=رسالة,BF=رسالة,LEX=N,POS=NOU,LST=WRD,GEN=FEM,NUM=SNG,PAR=M581,FRA=Y0,ANI=NANM,ABN=CCT,ALY=ALI,ANI=NANM,CAR=CTB,SEM=CMN,SFR=K0,
343,3,1,رصيد,CODE1=313462,CODE2=100037200,LEMMA=رصيد,BF=رصيد,LEX=N,POS=NOU,MOR=WFO,LST=WRD,GEN=MCL,NUM=SNG,PAR=M551,FRA=Y0,ABN=ABT,ALY=NALI,ANI=NANM,CAR=NCTB,SEM=ACT,SFR=K0,
344,132,10,رقم,CODE1=279229,CODE2=105121418,LEMMA=رقم,BF=رقم,LEX=N,POS=NOU,LST=WRD,GEN=MCL,NUM=SNG,PAR=M541,FRA=Y0,ABN=ABT,ALY=NALI,ANI=NANM,CAR=CTB,SEM=ATT,SFR=K0,,
345,1,1,رمضان,CODE1=353903,CODE2=115218272,LEMMA=رمضان,BF=رمضان,LEX=N,POS=NOU,MOR=WFO,LST=WRD,GEN=MCL,NUM=SNGT,PAR=M0,FRA=Y0,ABN=ABT,ALY=NALI,ANI=NANM,CAR=NCTB,SEM=TIM,SFR=K0,
346,12,1,زحمة,CODE1=98081,CODE2=300559690,LEMMA=مزدحم,BF=مزدحم,LEX=J,POS=PTL,MOR=WFO,LST=WRD,GEN=FEM,NUM=SNG,DEG=PST,PAR=M716,FRA=Y0,,,,,,
347,12,1,زحمه,CODE1=98081,CODE2=300559690,LEMMA=مزدحم,BF=مزدحم,LEX=J,POS=PTL,MOR=WFO,LST=WRD,GEN=FEM,NUM=SNG,DEG=PST,PAR=M716,FRA=Y0,,,,,,
348,43,1,زمان,CODE1=298923,CODE2=115120823,LEMMA=ماضي,BF=ماضي,LEX=N,POS=NOU,MOR=WFO,LST=WRD,GEN=MCL,NUM=SNGT,PAR=M0,FRA=Y0,ABN=ABT,ALY=ALI,ANI=NANM,CAR=NCTB,SEM=TIM,SFR=K0,
349,255,0,زى,CODE1=87590,CODE2=NULL,LEMMA=ك,BF=ك,LEX=C,POS=SCJ,LST=WRD,PAR=M0,FRA=Y0,att=@as,SEM=XXX,SFR=K0,rel=bas,,,,,,
350,255,0,زى,CODE1=442985,CODE2=NULL,LEMMA=مثل,BF=مثل,LEX=P,POS=PRE,LST=WRD,PAR=M0,FRA=Y0,att=@as,SEM=XXX,SFR=K0,rel=bas,,,,,,
351,255,0,زي,CODE1=87590,CODE2=NULL,LEMMA=ك,BF=ك,LEX=C,POS=SCJ,LST=WRD,PAR=M0,FRA=Y0,att=@as,SEM=XXX,SFR=K0,rel=bas,,,,,,
352,255,0,زي,CODE1=442985,CODE2=NULL,LEMMA=مثل,BF=مثل,LEX=P,POS=PRE,LST=WRD,PAR=M0,FRA=Y0,att=@as,SEM=XXX,SFR=K0,rel=bas,,,,,,
353,9,1,ساري,CODE1=145673,CODE2=300832784,LEMMA=ساري,BF=ساري,LEX=J,POS=ADJ,LST=WRD,GEN=MCL,NUM=SNG,DEG=PST,PAR=M468,FRA=Y0,SEM=JJJ,,,,,,
354,118,1,ساعة,CODE1=283208,CODE2=115227846,LEMMA=ساعة,BF=ساعة,LEX=N,POS=NOU,MOR=WFO,LST=WRD,GEN=FEM,NUM=SNG,PAR=M533,FRA=Y0,ABN=ABT,ALY=ALI,ANI=NANM,CAR=CTB,SEM=TIM,SFR=K0,
355,118,1,ساعتين,CODE1=283223,CODE2=115227846,LEMMA=ساعة,BF=ساعة,LEX=N,POS=NOU,MOR=WFO,LST=WRD,GEN=FEM,NUM=DUA,CAS=ACC,PAR=M533,FRA=Y0,ABN=ABT,ALY=ALI,ANI=NANM,CAR=CTB,SEM=TIM,SFR=K0
356,118,1,ساعه,CODE1=283208,CODE2=115227846,LEMMA=ساعة,BF=ساعة,LEX=N,POS=NOU,MOR=WFO,LST=WRD,GEN=FEM,NUM=SNG,PAR=M533,FRA=Y0,ABN=ABT,ALY=ALI,ANI=NANM,CAR=CTB,SEM=TIM,SFR=K0,
357,87,1,سبب,CODE1=280744,CODE2=109178999,LEMMA=سبب,BF=سبب,LEX=N,POS=NOU,MOR=WFO,LST=WRD,GEN=MCL,NUM=SNG,PAR=M557,FRA=Y0,ABN=ABT,ALY=ALI,ANI=NANM,CAR=CTB,SEM=MTV,SFR=K0,
358,26,1,سبت,CODE1=287137,CODE2=115164570,LEMMA=سبت,BF=سبت,LEX=N,POS=NOU,MOR=WFO,LST=WRD,GEN=MCL,NUM=SNGT,PAR=M0,FRA=Y0,ABN=ABT,ALY=ALI,ANI=NANM,CAR=CTB,SEM=TIM,SFR=K0,
359,46,1,سرعة,CODE1=285146,CODE2=115282696,LEMMA=سرعة,BF=سرعة,LEX=N,POS=NOU,MOR=WFO,LST=WRD,GEN=FEM,NUM=SNG,PAR=M533,FRA=Y0,ABN=ABT,ALY=ALI,ANI=NANM,CAR=NCTB,SEM=TIM,SFR=K0,
360,39,1,سعر,CODE1=281354,CODE2=113325010,LEMMA=سعر,BF=سعر,LEX=N,POS=NOU,MOR=WFO,LST=WRD,GEN=MCL,NUM=SNG,PAR=M557,FRA=Y0,ABN=ABT,ALY=ALI,ANI=NANM,CAR=CTB,SEM=PON,SFR=K0,
361,255,2,سنة,CODE1=290489,CODE2=115203791,LEMMA=سنة,BF=سنة,LEX=N,POS=NOU,MOR=WFO,LST=WRD,GEN=FEM,NUM=SNG,PAR=M660,FRA=Y0,ABN=ABT,ANI=NANM,SEM=TIM,,,,
362,255,2,سنه,CODE1=290489,CODE2=115203791,LEMMA=سنة,BF=سنة,LEX=N,POS=NOU,MOR=WFO,LST=WRD,GEN=FEM,NUM=SNG,PAR=M660,FRA=Y0,ABN=ABT,ANI=NANM,SEM=TIM,,,,
363,255,2,سنين,CODE1=290509,CODE2=115203791,LEMMA=سنة,BF=سنة,LEX=N,POS=NOU,MOR=ALT,LST=WRD,GEN=FEM,NUM=PLR,PAR=M660,FRA=Y0,ABN=ABT,ANI=NANM,SEM=TIM,,,,
364,255,0,سوف,CODE1=442948,CODE2=NULL,LEMMA=سوف,BF=سوف,LEX=O,POS=PTC,LST=WRD,ATE=FUT,PAR=M0,FRA=Y0,att=@future,SEM=XXX,SFR=K0,att=@future,,,,,
365,11,1,سؤال,CODE1=273092,CODE2=107196682,LEMMA=سؤال,BF=سؤال,LEX=N,POS=NOU,LST=WRD,GEN=MCL,NUM=SNG,PAR=M552,FRA=Y0,ANI=NANM,ABN=ABT,ALY=ALI,ANI=NANM,CAR=CTB,SEM=CMN,SFR=K0,
366,23,1,شبكة,CODE1=368537,CODE2=108434259,LEMMA=شبكة,BF=شبكة,LEX=N,POS=NOU,MOR=WFO,LST=WRD,GEN=FEM,NUM=SNG,PAR=M533,FRA=Y0,ANI=NANM,ABN=ABT,ALY=ALI,ANI=NANM,CAR=CTB,SEM=GRO,SFR=K0
367,23,1,شتركت,CODE1=1490967,CODE2=202718309,LEMMA=اشترك,BF=اشترك,LEX=V,POS=VER,LST=WRD,NUM=SNG,PER=1PS,ATE=PAS,VOI=ACV,TRA=TSTI,PAR=M119,FRA=Y524,SEM=STT,,,,
368,2,1,شرحت,CODE1=302753,CODE2=104234455,LEMMA=شريحة,BF=شريحة,LEX=N,POS=NOU,MOR=WFO,LST=WRD,GEN=FEM,NUM=SNG,PAR=M581,FRA=Y0,ABN=CCT,ANI=NANM,SEM=ARF,,,,
369,40,1,شركات,CODE1=269187,CODE2=108059412,LEMMA=شركة,BF=شركة,LEX=N,POS=NOU,LST=WRD,GEN=FEM,NUM=PLR,PAR=M533,FRA=Y0,ANI=NANM,SEM=GRO,,,,,,
370,40,1,شركة,CODE1=269185,CODE2=108059412,LEMMA=شركة,BF=شركة,LEX=N,POS=NOU,LST=WRD,GEN=FEM,NUM=SNG,PAR=M533,FRA=Y0,ANI=NANM,SEM=GRO,,,,,,
370,40,1,شركة,CODE1=269185,CODE2=108059412,LEMMA=شركة,BF=شركة,LEX=N,POS=NOU,LST=WRD,GEN=FEM,NUM=SNG,PAR=M533,FRA=Y0,ANI=NANM,SEM=GRO,,,,,,
372,28,10,شروط,CODE1=286157,CODE2=106755947,LEMMA=شرط,BF=شرط,LEX=N,POS=NOU,MOR=WFO,LST=WRD,GEN=MCL,NUM=PLR,PAR=M599,FRA=Y0,ABN=ABT,ALY=ALI,ANI=NANM,CAR=CTB,SEM=CMN,SFR=K0,
373,2,1,شريحة,CODE1=302753,CODE2=104234455,LEMMA=شريحة,BF=شريحة,LEX=N,POS=NOU,MOR=WFO,LST=WRD,GEN=FEM,NUM=SNG,PAR=M581,FRA=Y0,ABN=CCT,ANI=NANM,SEM=ARF,,,,
374,2,1,شريحه,CODE1=302753,CODE2=104234455,LEMMA=شريحة,BF=شريحة,LEX=N,POS=NOU,MOR=WFO,LST=WRD,GEN=FEM,NUM=SNG,PAR=M581,FRA=Y0,ABN=CCT,ANI=NANM,SEM=ARF,,,,
375,255,10,شغال,CODE1=1159584,CODE2=202560585,LEMMA=عمل,BF=عمل,LEX=V,POS=VER,LST=WRD,GEN=MCL,NUM=SNG,PER=3PS,ATE=PRS,MOO=IND,VOI=ACV,TRA=TSTD,PAR=M10,FRA=Y0,SEM=SOV,,
376,18,1,شكرا,CODE1=565493,CODE2=200892315,LEMMA=شكر,BF=شكر,LEX=V,POS=VER,LST=WRD,GEN=MCL,NUM=DUA,PER=3PP,ATE=PAS,VOI=ACV,TRA=TSTD,PAR=M107,FRA=Y0,SEM=CMV,,,
377,18,1,شكرا,CODE1=565493,CODE2=200892315,LEMMA=شكر,BF=شكر,LEX=V,POS=VER,LST=WRD,GEN=MCL,NUM=DUA,PER=3PP,ATE=PAS,VOI=ACV,TRA=TSTD,PAR=M107,FRA=Y0,SEM=CMV,,,
378,1,1,شهرية,CODE1=200915,CODE2=301969707,LEMMA=شهري,BF=شهري,LEX=J,POS=ADJ,LST=WRD,GEN=FEM,NUM=SNG,DEG=PST,PAR=M466,FRA=Y0,SEM=JJJ,,,,,,
379,1,1,شهريه,CODE1=200915,CODE2=301969707,LEMMA=شهري,BF=شهري,LEX=J,POS=ADJ,LST=WRD,GEN=FEM,NUM=SNG,DEG=PST,PAR=M466,FRA=Y0,SEM=JJJ,,,,,,
380,88,1,شوية,CODE1=283237,CODE2=115234764,LEMMA=دقيقة,BF=دقيقة,LEX=N,POS=NOU,MOR=WFO,LST=WRD,GEN=FEM,NUM=PLR,PAR=M581,FRA=Y0,ABN=ABT,ALY=ALI,ANI=NANM,CAR=CTB,SEM=TIM,SFR=K0,
381,255,0,شوية,CODE1=87626,CODE2=NULL,LEMMA=بعض,BF=بعض,LEX=D,POS=QUA,LST=WRD,PAR=M0,FRA=Y0,att=@paucal,SEM=XXX,SFR=K0,att=@paucal,,,,,,
382,255,0,شويه,CODE1=87626,CODE2=NULL,LEMMA=بعض,BF=بعض,LEX=D,POS=QUA,LST=WRD,PAR=M0,FRA=Y0,att=@paucal,SEM=XXX,SFR=K0,att=@paucal,,,,,,
383,255,255,"شيء",CODE1=443039,CODE2=00.@thing,"LEMMA=شيء","BF=شيء",LEX=R,POS=NPR,LST=WRD,PAR=M0,FRA=Y0,att=@thing,,,,,,,,,
384,1,1,صفر,CODE1=340510,CODE2=115217443,LEMMA=صفر,BF=صفر,LEX=N,POS=NOU,MOR=WFO,LST=WRD,GEN=MCL,NUM=PLR,PAR=M557,FRA=Y0,ABN=ABT,ANI=NANM,SEM=TIM,,,,
385,17,1,صور,CODE1=274183,CODE2=113937075,LEMMA=صورة,BF=صورة,LEX=N,POS=NOU,LST=WRD,GEN=FEM,NUM=PLR,PAR=M637,FRA=Y0,ANI=NANM,ABN=ABT,ALY=ALI,ANI=NANM,CAR=CTB,SEM=STA,SFR=K0,
386,156,0,ضاعت,CODE1=1735641,CODE2=200358431,LEMMA=ضاع,BF=ضاع,LEX=V,POS=VER,LST=WRD,GEN=FEM,NUM=SNG,PER=3PS,ATE=PAS,VOI=ACV,TRA=NACC,PAR=M109,FRA=Y516,SEM=CHA,,,
387,1,0,ضحكة,CODE1=419044,CODE2=106878404,LEMMA=ضحكة,BF=ضحكة,LEX=N,POS=NOU,LST=WRD,GEN=FEM,NUM=SNG,PAR=M533,FRA=Y0,ABN=ABT,ALY=NALI,ANI=NANM,CAR=CTB,SEM=CMN,SFR=K0,,
388,1,0,ضحكه,CODE1=419044,CODE2=106878404,LEMMA=ضحكة,BF=ضحكة,LEX=N,POS=NOU,LST=WRD,GEN=FEM,NUM=SNG,PAR=M533,FRA=Y0,ABN=ABT,ALY=NALI,ANI=NANM,CAR=CTB,SEM=CMN,SFR=K0,,
389,1,0,ضحكه,CODE1=419044,CODE2=106878404,LEMMA=ضحكة,BF=ضحكة,LEX=N,POS=NOU,LST=WRD,GEN=FEM,NUM=SNG,PAR=M533,FRA=Y0,ABN=ABT,ALY=NALI,ANI=NANM,CAR=CTB,SEM=CMN,SFR=K0,,
390,3,1,ضعف,CODE1=287092,CODE2=104853873,LEMMA=ضعف,BF=ضعف,LEX=N,POS=NOU,MOR=WFO,LST=WRD,GEN=MCL,NUM=SNGT,PAR=M0,FRA=Y0,ABN=ABT,ANI=NANM,SEM=ATT,,,,
391,1,1,طب,CODE1=85300,CODE2=400014882,LEMMA=حسنا,BF=حسنا,LEX=A,POS=AAV,LST=WRD,PAR=M0,FRA=Y0,SEM=MAN,,,,,,,,,
392,146,2,طبعا,CODE1=82575,CODE2=400038625,LEMMA=طبعا,BF=طبعا,LEX=A,POS=DJT,LST=WRD,PAR=M0,FRA=Y0,SEM=MAN,,,,,,,,,
393,165,10,طلب,CODE1=459854,CODE2=200752493,LEMMA=طلب,BF=طلب,LEX=V,POS=VER,LST=WRD,GEN=MCL,NUM=SNG,PER=3PS,ATE=PAS,VOI=ACV,TRA=TST2,PAR=M10,FRA=Y220,SEM=CMV,,,
394,12,1,طيب,CODE1=150331,CODE2=301129977,LEMMA=طيب,BF=طيب,LEX=J,POS=ADJ,LST=WRD,GEN=MCL,NUM=SNG,DEG=PST,PAR=M512,FRA=Y0,,,,,,,
395,1,1,طيب,CODE1=85300,CODE2=400014882,LEMMA=حسنا,BF=حسنا,LEX=A,POS=AAV,LST=WRD,PAR=M0,FRA=Y0,SEM=MAN,,,,,,,,,
396,12,1,طيبين,CODE1=150337,CODE2=301129977,LEMMA=طيب,BF=طيب,LEX=J,POS=ADJ,LST=WRD,GEN=MCL,NUM=DUA,CAS=ACC,DEG=PST,PAR=M512,FRA=Y0,,,,,,
397,77,1,عادى,CODE1=109696,CODE2=301593649,LEMMA=عادي,BF=عادي,LEX=J,POS=ADJ,MOR=ROO,LST=WRD,GEN=MCL,NUM=SNG,DEG=PST,PAR=M466,FRA=Y0,,,,,,
398,77,1,عادي,CODE1=109696,CODE2=301593649,LEMMA=عادي,BF=عادي,LEX=J,POS=ADJ,MOR=ROO,LST=WRD,GEN=MCL,NUM=SNG,DEG=PST,PAR=M466,FRA=Y0,,,,,,
399,77,1,عادي,CODE1=109696,CODE2=301593649,LEMMA=عادي,BF=عادي,LEX=J,POS=ADJ,MOR=ROO,LST=WRD,GEN=MCL,NUM=SNG,DEG=PST,PAR=M466,FRA=Y0,,,,,,
400,100,1,عارف,CODE1=1975152,CODE2=200608670,LEMMA=عرف,BF=عرف,LEX=V,POS=VER,LST=WRD,NUM=SNG,PER=1PS,ATE=PRS,MOO=IND,VOI=ACV,TRA=TSTD,PAR=M10,FRA=Y0,SEM=CGV,,,
404,100,1,عارفة,CODE1=1975152,CODE2=200608670,LEMMA=عرف,BF=عرف,LEX=V,POS=VER,LST=WRD,NUM=SNG,PER=1PS,ATE=PRS,MOO=IND,VOI=ACV,TRA=TSTD,PAR=M10,FRA=Y0,SEM=CGV,,,
402,100,1,عارفه,CODE1=1975152,CODE2=200608670,LEMMA=عرف,BF=عرف,LEX=V,POS=VER,LST=WRD,NUM=SNG,PER=1PS,ATE=PRS,MOO=IND,VOI=ACV,TRA=TSTD,PAR=M10,FRA=Y0,SEM=CGV,,,
403,255,30,عايز,CODE1=608464,CODE2=201825237,LEMMA=أراد,BF=أراد,LEX=V,POS=VER,LST=WRD,NUM=SNG,PER=1PS,ATE=PRS,MOO=IND,VOI=ACV,TRA=TSTD,PAR=M250,FRA=Y0,SEM=EMO,SFR=K702,,
404,255,30,عايزة,CODE1=608464,CODE2=201825237,LEMMA=أراد,BF=أراد,LEX=V,POS=VER,LST=WRD,NUM=SNG,PER=1PS,ATE=PRS,MOO=IND,VOI=ACV,TRA=TSTD,PAR=M250,FRA=Y0,SEM=EMO,SFR=K702,,
405,7,1,عائلة,CODE1=272389,CODE2=107970721,LEMMA=عائلة,BF=عائلة,LEX=N,POS=NOU,LST=WRD,GEN=FEM,NUM=SNG,PAR=M533,FRA=Y0,ANI=NANM,ABN=ABT,ALY=ALI,ANI=ANM,CAR=CTB,SEM=GRO,SFR=K0,
406,27,1,عرض,CODE1=315759,CODE2=106891493,LEMMA=عرض,BF=عرض,LEX=N,POS=NOU,LST=WRD,GEN=MCL,NUM=SNG,PAR=M599,FRA=Y0,ANI=NANM,SEM=CMN,,,,,,
407,60,1,عزمتو,CODE1=769189,CODE2=201469770,LEMMA=دعا,BF=دعا,LEX=V,POS=VER,MOR=WFO,LST=WRD,GEN=MCL,NUM=PLR,PER=2PP,ATE=PAS,VOI=ACV,TRA=TSTD,PAR=M12,FRA=Y16,SEM=CTC,,
408,255,0,عشان,CODE1=442987,CODE2=NULL,LEMMA=بسبب,BF=بسبب,LEX=P,POS=PRE,LST=WRD,PAR=M0,FRA=Y0,att=@because,rel=rsn,SEM=XXX,SFR=K0,rel=rsn, att=@why,,,,
409,255,0,علشان,CODE1=442987,CODE2=NULL,LEMMA=بسبب,BF=بسبب,LEX=P,POS=PRE,LST=WRD,PAR=M0,FRA=Y0,att=@because,rel=rsn,SEM=XXX,SFR=K0,rel=rsn, att=@why,,,,
410,255,255,على,CODE1=442973,CODE2=NULL,LEMMA=على,BF=على,LEX=P,POS=PRE,LST=WRD,PAR=M0,FRA=Y0,att=@on,rel=PLC,SEM=XXX,SFR=K0,rel=plc, att=@top,,,,
411,211,10,على طول,CODE1=82605,CODE2=400019339,LEMMA=دائما,BF=دائما,LEX=A,POS=AAV,MOR=WFO,LST=WRD,PAR=M0,FRA=Y0,SEM=TIM,,,,,,,,
412,255,255,علي,CODE1=442973,CODE2=NULL,LEMMA=على,BF=على,LEX=P,POS=PRE,LST=WRD,PAR=M0,FRA=Y0,att=@on,rel=PLC,SEM=XXX,SFR=K0,rel=plc, att=@top,,,,
413,255,2,عمل,CODE1=1179818,CODE2=202560585,LEMMA=فعل,BF=فعل,LEX=V,POS=VER,LST=WRD,GEN=MCL,NUM=SNG,PER=3PS,ATE=PAS,VOI=ACV,TRA=TSTD,PAR=M10,FRA=Y0,SEM=SOV,,,
414,255,0,عن,CODE1=442972,CODE2=NULL,LEMMA=عن,BF=عن,LEX=P,POS=PRE,LST=WRD,PAR=M0,FRA=Y0,att=@about,rel=MAN,SEM=XXX,SFR=K0,rel=cnt,,,,,
415,255,0,عند,CODE1=442970,CODE2=NULL,LEMMA=عند,BF=عند,LEX=P,POS=PRE,LST=WRD,PAR=M0,FRA=Y0,att=@at,rel=PLC,SEM=XXX,SFR=K0,rel=plc,,,,,
416,100,1,عنوان,CODE1=312238,CODE2=106345993,LEMMA=عنوان,BF=عنوان,LEX=N,POS=NOU,MOR=WFO,LST=WRD,GEN=MCL,NUM=SNG,PAR=M585,FRA=Y0,ABN=ABT,ALY=NALI,ANI=NANM,CAR=CTB,SEM=CMN,SFR=K0,
417,7,1,عيلة,CODE1=272389,CODE2=107970721,LEMMA=عائلة,BF=عائلة,LEX=N,POS=NOU,LST=WRD,GEN=FEM,NUM=SNG,PAR=M533,FRA=Y0,ANI=NANM,ABN=ABT,ALY=ALI,ANI=ANM,CAR=CTB,SEM=GRO,SFR=K0,
418,7,1,عيله,CODE1=272389,CODE2=107970721,LEMMA=عائلة,BF=عائلة,LEX=N,POS=NOU,LST=WRD,GEN=FEM,NUM=SNG,PAR=M533,FRA=Y0,ANI=NANM,ABN=ABT,ALY=ALI,ANI=ANM,CAR=CTB,SEM=GRO,SFR=K0,
419,6,1,غلطت,CODE1=384305,CODE2=104802629,LEMMA=خطأ,BF=خطأ,LEX=N,POS=NOU,LST=WRD,GEN=MCL,NUM=SNG,PAR=M545,FRA=Y0,ABN=ABT,ALY=ALI,ANI=NANM,CAR=NCTB,SEM=ATT,SFR=K0,,
420,6,1,فاتورة,CODE1=293705,CODE2=106516955,LEMMA=فاتورة,BF=فاتورة,LEX=N,POS=NOU,MOR=WFO,LST=WRD,GEN=FEM,NUM=SNG,PAR=M565,FRA=Y0,ABN=CCT,ALY=ALI,ANI=NANM,CAR=CTB,SEM=CMN,SFR=K0,
421,6,1,فاتورت,CODE1=293705,CODE2=106516955,LEMMA=فاتورة,BF=فاتورة,LEX=N,POS=NOU,MOR=WFO,LST=WRD,GEN=FEM,NUM=SNG,PAR=M565,FRA=Y0,ABN=CCT,ALY=ALI,ANI=NANM,CAR=CTB,SEM=CMN,SFR=K0,
422,1,1,فاصلة,CODE1=234715,CODE2=302673594,LEMMA=منقطع,BF=منقطع,LEX=J,POS=ADJ,LST=WRD,GEN=FEM,NUM=SNG,DEG=PST,PAR=M467,FRA=Y721,SEM=JJJ,,,,,,
423,1,1,فاصله,CODE1=234715,CODE2=302673594,LEMMA=منقطع,BF=منقطع,LEX=J,POS=ADJ,LST=WRD,GEN=FEM,NUM=SNG,DEG=PST,PAR=M467,FRA=Y721,SEM=JJJ,,,,,,
424,225,10,فاهم,CODE1=539206,CODE2=200591115,LEMMA=فهم,BF=فهم,LEX=V,POS=VER,LST=WRD,NUM=SNG,PER=1PS,ATE=PRS,MOO=IND,VOI=ACV,TRA=TSTD,PAR=M10,FRA=Y16,SEM=CGV,,,
425,72,1,فجأة,CODE1=82710,CODE2=400061677,LEMMA=فجأة,BF=فجأة,LEX=A,POS=AAV,LST=WRD,PAR=M0,FRA=Y0,SEM=MAN,,,,,,,,,
426,1,4,فرح,CODE1=335822,CODE2=107512039,LEMMA=فرح,BF=فرح,LEX=N,POS=NOU,MOR=WFO,LST=WRD,GEN=MCL,NUM=SNGT,PAR=M0,FRA=Y0,ABN=ABT,ANI=NANM,SEM=FEE,,,,
427,20,1,فرع,CODE1=353917,CODE2=108401248,LEMMA=فرع,BF=فرع,LEX=N,POS=NOU,MOR=WFO,LST=WRD,GEN=MCL,NUM=SNG,PAR=M599,FRA=Y0,ANI=NANM,ABN=ABT,ALY=ALI,ANI=NANM,CAR=CTB,SEM=GRO,SFR=K0
428,260,4,فعلا,CODE1=84744,CODE2=400149510,LEMMA=فعلا,BF=فعلا,LEX=A,POS=AAV,LST=WRD,PAR=M0,FRA=Y0,SEM=MAN,,,,,,,,,
429,260,4,فعلا,CODE1=84744,CODE2=400149510,LEMMA=فعلا,BF=فعلا,LEX=A,POS=AAV,LST=WRD,PAR=M0,FRA=Y0,SEM=MAN,,,,,,,,,
430,77,1,فلوس,CODE1=317327,CODE2=113384557,LEMMA=نقد,BF=نقد,LEX=N,POS=NOU,MOR=WFO,LST=WRD,GEN=MCL,NUM=PLR,PAR=M599,FRA=Y0,ABN=CCT,ALY=ALI,ANI=NANM,CAR=NCTB,SEM=PON,SFR=K0,
431,225,10,فهمن,CODE1=538982,CODE2=200591115,LEMMA=فهم,BF=فهم,LEX=V,POS=VER,LST=WRD,GEN=MCL,NUM=SNG,PER=2PS,MOO=IMP,VOI=ACV,TRA=TSTD,PAR=M10,FRA=Y16,SEM=CGV,,,
432,255,255,فى,CODE1=442953,CODE2=NULL,LEMMA=في,BF=في,LEX=P,POS=PRE,LST=WRD,PAR=M0,FRA=Y0,att=@in,rel=PLC,SEM=XXX,SFR=K0,att=plc, rel=@intra,,,,
433,255,0,فى خلال,CODE1=442969,CODE2=NULL,LEMMA=خلال,BF=خلال,LEX=P,POS=PRE,LST=WRD,PAR=M0,FRA=Y0,att=@during,rel=DUR,SEM=XXX,SFR=K0,rel=dur,,,,,
434,255,1,في,CODE1=917703,CODE2=202655135,LEMMA=وجد,BF=وجد,LEX=V,POS=VER,LST=WRD,GEN=MCL,NUM=SNG,PER=3PS,ATE=PRS,VOI=PSV,TRA=TSTD,PAR=M14,FRA=Y16,SEM=STT,,,
435,255,255,في,CODE1=442953,CODE2=NULL,LEMMA=في,BF=في,LEX=P,POS=PRE,LST=WRD,PAR=M0,FRA=Y0,att=@in,rel=PLC,SEM=XXX,SFR=K0,att=plc, rel=@intra,,,,
436,255,255,في ايه,CODE1=443008,CODE2=@why,LEMMA=لماذا,BF=لماذا,LEX=R,POS=IPR,LST=WRD,PAR=M0,FRA=Y0,rel=rsn,att=@wh,SEM=XXX,SFR=K0,rel=rsn, att=@why,,,,
437,255,255,فين,CODE1=443009,CODE2=00.@wh,LEMMA=أين,BF=أين,LEX=R,POS=IPR,LST=WRD,PAR=M0,FRA=Y0,rel=plc,,,,,,,,,
438,13,1,قافلين,CODE1=112779,CODE2=301652782,LEMMA=مغلق,BF=مغلق,LEX=J,POS=ADJ,MOR=ROO,LST=WRD,GEN=MCL,NUM=PLR,CAS=ACC,DEG=PST,PAR=M467,FRA=Y0,,,,,
439,0,0,قبل,CODE1=442950,CODE2=NULL,LEMMA=قبل,BF=قبل,LEX=P,POS=PRE,LST=WRD,PAR=M0,FRA=Y0,att=@before,rel=TIM,SEM=XXX,SFR=K0,rel=tim, att=@ante,,,,
440,136,1,قمت,CODE1=1385498,CODE2=202561995,LEMMA=قام,BF=قام,LEX=V,POS=VER,LST=WRD,NUM=SNG,PER=1PS,ATE=PAS,VOI=ACV,TRA=TSTI,PAR=M109,FRA=Y460,SEM=SOV,,,,
441,17,1,قومي,CODE1=120323,CODE2=301567862,LEMMA=قومي,BF=قومي,LEX=J,POS=ADJ,LST=WRD,GEN=MCL,NUM=SNG,DEG=PST,PAR=M466,FRA=Y0,SEM=JJJ,,,,,,
442,255,0,قي خلال,CODE1=442969,CODE2=NULL,LEMMA=خلال,BF=خلال,LEX=P,POS=PRE,LST=WRD,PAR=M0,FRA=Y0,att=@during,rel=DUR,SEM=XXX,SFR=K0,rel=dur,,,,,
443,255,255,ك,CODE1=87651,CODE2=NULL,LEMMA=ك,BF=ك,LEX=D,POS=POD,LST=WRD,NUM=SNGT,PER=2PS,PAR=M0,FRA=Y0,SEM=XXX,SFR=K0,,,,,,
444,255,255,ك,CODE1=87651,CODE2=NULL,LEMMA=ك,BF=ك,LEX=D,POS=POD,LST=WRD,NUM=SNGT,PER=2PS,PAR=M0,FRA=Y0,SEM=XXX,SFR=K0,,,,,,
445,255,255,كام,CODE1=443006,CODE2=@wh,LEMMA=كم,BF=كم,LEX=R,POS=IPR,LST=WRD,PAR=M0,FRA=Y0,rel=qua,att=@wh,SEM=XXX,SFR=K0,att=@wh,,,,,
446,255,255,كام,CODE1=443006,CODE2=@wh,LEMMA=كم,BF=كم,LEX=R,POS=IPR,LST=WRD,PAR=M0,FRA=Y0,rel=qua,att=@wh,SEM=XXX,SFR=K0,att=@wh,,,,,
447,255,1,كانت,CODE1=449711,CODE2=202749904,LEMMA=كان,BF=كان,LEX=V,POS=VER,LST=WRD,GEN=FEM,NUM=SNG,PER=3PS,ATE=PAS,VOI=ACV,TRA=NACC,PAR=M109,FRA=Y0,SEM=STT,,,
448,1,5,كدا,CODE1=87521,CODE2=400121135,LEMMA=هكذا,BF=هكذا,LEX=A,POS=CJT,LST=WRD,PAR=M0,FRA=Y0,SEM=MAN,,,,,,,,,
449,1,5,كدة,CODE1=87521,CODE2=400121135,LEMMA=هكذا,BF=هكذا,LEX=A,POS=CJT,LST=WRD,PAR=M0,FRA=Y0,SEM=MAN,,,,,,,,,
450,1,5,كده,CODE1=87521,CODE2=400121135,LEMMA=هكذا,BF=هكذا,LEX=A,POS=CJT,LST=WRD,PAR=M0,FRA=Y0,SEM=MAN,,,,,,,,,
451,54,3,كريم,CODE1=122940,CODE2=302336109,LEMMA=كريم,BF=كريم,LEX=J,POS=ADJ,LST=WRD,GEN=MCL,NUM=SNG,DEG=PST,PAR=M452,FRA=Y0,SEM=JJJ,,,,,,
452,255,0,كل,CODE1=87612,CODE2=NULL,LEMMA=كل,BF=كل,LEX=D,POS=QUA,LST=WRD,PAR=M0,FRA=Y0,SEM=XXX,SFR=K0,att=@majority,,,,,,,
453,255,0,كل,CODE1=87613,CODE2=NULL,LEMMA=كل,BF=كل,LEX=D,POS=QUA,LST=WRD,PAR=M0,FRA=Y0,SEM=XXX,SFR=K0,att=@all,,,,,,,
454,255,0,كل ما,CODE1=87591,CODE2=NULL,LEMMA=عندما,BF=عندما,LEX=C,POS=RVZ,LST=WRD,PAR=M0,FRA=Y0,rel=TIM,SEM=XXX,SFR=K0,rel=tim,,,,,,
455,55,1,كلام,CODE1=279485,CODE2=107109730,LEMMA=كلام,BF=كلام,LEX=N,POS=NOU,MOR=WFO,LST=WRD,GEN=MCL,NUM=SNG,PAR=M628,FRA=Y0,ANI=NANM,SEM=CMN,,,,,
456,45,1,كلية,CODE1=435583,CODE2=108278169,LEMMA=كلية,BF=كلية,LEX=N,POS=NOU,LST=WRD,GEN=FEM,NUM=SNG,PAR=M533,FRA=Y0,ABN=CCT,ALY=ALI,ANI=NANM,CAR=CTB,SEM=GRO,SFR=K0,,
457,45,1,كليه,CODE1=435583,CODE2=108278169,LEMMA=كلية,BF=كلية,LEX=N,POS=NOU,LST=WRD,GEN=FEM,NUM=SNG,PAR=M533,FRA=Y0,ABN=CCT,ALY=ALI,ANI=NANM,CAR=CTB,SEM=GRO,SFR=K0,,
458,255,255,كم,CODE1=87656,CODE2=NULL,LEMMA=كم,BF=كم,LEX=D,POS=POD,LST=WRD,PAR=M0,FRA=Y0,SEM=XXX,SFR=K0,,,,,,,,
459,255,255,كم,CODE1=87656,CODE2=NULL,LEMMA=كم,BF=كم,LEX=D,POS=POD,LST=WRD,PAR=M0,FRA=Y0,SEM=XXX,SFR=K0,,,,,,,,
460,255,255,كم,CODE1=87656,CODE2=NULL,LEMMA=كم,BF=كم,LEX=D,POS=POD,LST=WRD,PAR=M0,FRA=Y0,SEM=XXX,SFR=K0,,,,,,,,
460,255,1,كنت,CODE1=449771,CODE2=202749904,LEMMA=كان,BF=كان,LEX=V,POS=VER,LST=WRD,GEN=FEM,NUM=SNG,PER=2PS,ATE=PAS,VOI=ACV,TRA=NACC,PAR=M109,FRA=Y0,SEM=STT,,,
462,255,1,كنت,CODE1=449807,CODE2=202749904,LEMMA=كان,BF=كان,LEX=V,POS=VER,LST=WRD,NUM=SNG,PER=1PS,ATE=PAS,VOI=ACV,TRA=NACC,PAR=M109,FRA=Y0,SEM=STT,,,,
463,255,255,كو,CODE1=87656,CODE2=NULL,LEMMA=كم,BF=كم,LEX=D,POS=POD,LST=WRD,PAR=M0,FRA=Y0,SEM=XXX,SFR=K0,,,,,,,,
464,132,10,كود,CODE1=279232,CODE2=105121418,LEMMA=رقم,BF=رقم,LEX=N,POS=NOU,LST=WRD,GEN=MCL,NUM=PLR,PAR=M541,FRA=Y0,ABN=ABT,ALY=NALI,ANI=NANM,CAR=CTB,SEM=ATT,SFR=K0,,
465,255,255,كيف,CODE1=443007,CODE2=00.@wh,LEMMA=كيف,BF=كيف,LEX=R,POS=IPR,LST=WRD,PAR=M0,FRA=Y0,rel=MAN,,,,,,,,,
466,1,1,كيلوبايت,CODE1=401618,CODE2=113627516,LEMMA=كيلوبايت,BF=كيلوبايت,LEX=N,POS=NOU,LST=WRD,GEN=MCL,NUM=SNGT,PAR=M0,FRA=Y0,ABN=ABT,ANI=NANM,SEM=QTT,,,,,
467,255,255,ل,CODE1=0,CODE2=NULL,LEMMA=ل,BF=ل,LEX=P,POS=PRE,LST=WRD,PAR=M0,FRA=Y0,att=@for,SEM=XXX,SFR=K0,,,,,,,
468,255,0,لان,CODE1=442987,CODE2=NULL,LEMMA=بسبب,BF=بسبب,LEX=P,POS=PRE,LST=WRD,PAR=M0,FRA=Y0,att=@because,rel=rsn,SEM=XXX,SFR=K0,rel=rsn, att=@why,,,,
469,255,0,لأن,CODE1=442987,CODE2=NULL,LEMMA=بسبب,BF=بسبب,LEX=P,POS=PRE,LST=WRD,PAR=M0,FRA=Y0,att=@because,rel=rsn,SEM=XXX,SFR=K0,rel=rsn, att=@why,,,,
470,255,0,لما,CODE1=87591,CODE2=NULL,LEMMA=عندما,BF=عندما,LEX=C,POS=RVZ,LST=WRD,PAR=M0,FRA=Y0,rel=TIM,SEM=XXX,SFR=K0,rel=tim,,,,,,
471,0,0,لو,CODE1=87531,CODE2=400043003,LEMMA=إذا,BF=إذا,LEX=A,POS=CJT,LST=WRD,PAR=M0,FRA=Y0,SEM=MAN,,,,,,,,,
472,1,4,لو سمحت,CODE1=85299,CODE2=400009966,LEMMA=من فضلك,BF=من فضلك,LEX=A,POS=AAV,LST=MTW,PAR=M0,FRA=Y0,SEM=MAN,,,,,,,,,
473,1,4,لو سمحت,CODE1=85299,CODE2=400009966,LEMMA=من فضلك,BF=من فضلك,LEX=A,POS=AAV,LST=MTW,PAR=M0,FRA=Y0,SEM=MAN,,,,,,,,,
474,1,4,لوسمحت,CODE1=85299,CODE2=400009966,LEMMA=من فضلك,BF=من فضلك,LEX=A,POS=AAV,LST=MTW,PAR=M0,FRA=Y0,SEM=MAN,,,,,,,,,
475,167,1,ليالى,CODE1=276495,CODE2=115167027,LEMMA=ليل,BF=ليل,LEX=N,POS=NOU,LST=WRD,GEN=MCL,NUM=PLR,PAR=M584,FRA=Y0,ANI=NANM,ABN=ABT,ALY=ALI,ANI=NANM,CAR=CTB,SEM=TIM,SFR=K0,
476,167,1,ليالي,CODE1=276495,CODE2=115167027,LEMMA=ليل,BF=ليل,LEX=N,POS=NOU,LST=WRD,GEN=MCL,NUM=PLR,PAR=M584,FRA=Y0,ANI=NANM,ABN=ABT,ALY=ALI,ANI=NANM,CAR=CTB,SEM=TIM,SFR=K0,
477,167,1,ليل,CODE1=276491,CODE2=115167027,LEMMA=ليل,BF=ليل,LEX=N,POS=NOU,LST=WRD,GEN=MCL,NUM=SNG,PAR=M584,FRA=Y0,ANI=NANM,ABN=ABT,ALY=ALI,ANI=NANM,CAR=CTB,SEM=TIM,SFR=K0,
478,255,255,ليه,CODE1=443008,CODE2=@why,LEMMA=لماذا,BF=لماذا,LEX=R,POS=IPR,LST=WRD,PAR=M0,FRA=Y0,rel=rsn,att=@wh,SEM=XXX,SFR=K0,rel=rsn, att=@why,,,,
479,255,255,ليه بس,CODE1=443008,CODE2=@why,LEMMA=لماذا,BF=لماذا,LEX=R,POS=IPR,LST=WRD,PAR=M0,FRA=Y0,rel=rsn,att=@wh,SEM=XXX,SFR=K0,rel=rsn, att=@why,,,,
480,255,0,ﻻزم,CODE1=87807,CODE2=NULL,LEMMA=وجب,BF=وجب,LEX=I,POS=AUX,LST=WRD,GEN=MCL,NUM=SNG,PER=3PS,ATE=PRS,VOI=ACV,PAR=M1,FRA=Y0,att=@obligation,MOO=OBM,SEM=XXX,SFR=K0,att=@probability
481,255,0,م,CODE1=442935,CODE2=NULL,LEMMA=لا,BF=لا,LEX=O,POS=PTC,LST=WRD,PAR=M0,FRA=Y0,att=@no,POL=NEG,SEM=XXX,SFR=K0,att=@no,,,,,
482,255,255,ما عدا,CODE1=442938,CODE2=NULL,LEMMA=إلا,BF=إلا,LEX=O,POS=PTC,LST=WRD,PAR=M0,FRA=Y0,rel=MAN,att=@except,SEM=XXX,SFR=K0,rel=man, att=@minus,,,,
483,255,255,ماعدا,CODE1=442938,CODE2=NULL,LEMMA=إلا,BF=إلا,LEX=O,POS=PTC,LST=WRD,PAR=M0,FRA=Y0,rel=MAN,att=@except,SEM=XXX,SFR=K0,rel=man, att=@minus,,,,
484,1,0,مبعوتال,CODE1=390935,CODE2=110578762,LEMMA=مرسل,BF=مرسل,LEX=N,POS=NOU,LST=WRD,GEN=FEM,NUM=SNG,PAR=M532,FRA=Y0,ABN=CCT,ANI=ANM,SEM=HUM,,,,,
485,16,1,مبهج,CODE1=97298,CODE2=300363938,LEMMA=مبهج,BF=مبهج,LEX=J,POS=PTL,MOR=WFO,LST=WRD,GEN=MCL,NUM=SNG,DEG=PST,PAR=M467,FRA=Y0,,,,,,
486,91,1,متاحة,CODE1=93980,CODE2=300183053,LEMMA=متاح,BF=متاح,LEX=J,POS=ADJ,LST=WRD,GEN=FEM,NUM=SNG,DEG=PST,PAR=M467,FRA=Y0,SEM=PHY,SFR=K0,,,,,
487,91,1,متاحه,CODE1=93980,CODE2=300183053,LEMMA=متاح,BF=متاح,LEX=J,POS=ADJ,LST=WRD,GEN=FEM,NUM=SNG,DEG=PST,PAR=M467,FRA=Y0,SEM=PHY,SFR=K0,,,,,
488,20,1,متبقية,CODE1=147557,CODE2=300926505,LEMMA=متبقي,BF=متبقي,LEX=J,POS=ADJ,LST=WRD,GEN=FEM,NUM=SNG,DEG=PST,PAR=M468,FRA=Y0,SEM=JJJ,,,,,,
489,10,1,متشكر,CODE1=150801,CODE2=301146493,LEMMA=شاكر,BF=شاكر,LEX=J,POS=ADJ,LST=WRD,GEN=MCL,NUM=SNG,DEG=PST,PAR=M474,FRA=Y0,,,,,,,
490,10,1,متشكرة,CODE1=150802,CODE2=301146493,LEMMA=شاكر,BF=شاكر,LEX=J,POS=ADJ,LST=WRD,GEN=FEM,NUM=SNG,DEG=PST,PAR=M474,FRA=Y0,,,,,,,
491,56,1,متميزة,CODE1=136254,CODE2=300494409,LEMMA=متميز,BF=متميز,LEX=J,POS=PTL,LST=WRD,GEN=FEM,NUM=SNG,DEG=PST,PAR=M467,FRA=Y0,,,,,,,
492,56,1,متميزه,CODE1=136254,CODE2=300494409,LEMMA=متميز,BF=متميز,LEX=J,POS=PTL,LST=WRD,GEN=FEM,NUM=SNG,DEG=PST,PAR=M467,FRA=Y0,,,,,,,
493,1,10,مجانا,CODE1=87506,CODE2=400258175,LEMMA=مجانا,BF=مجانا,LEX=A,POS=AAV,LST=WRD,PAR=M0,FRA=Y0,SEM=MAN,,,,,,,,,
494,1,0,محتاج,CODE1=366242,CODE2=110453357,LEMMA=محتاج,BF=محتاج,LEX=N,POS=NOU,MOR=WFO,LST=WRD,GEN=MCL,NUM=SNG,PAR=M532,FRA=Y0,ABN=CCT,ANI=ANM,SEM=HUM,,,,
495,24,1,مدة,CODE1=312369,CODE2=115246353,LEMMA=مدة,BF=مدة,LEX=N,POS=NOU,MOR=WFO,LST=WRD,GEN=FEM,NUM=SNG,PAR=M727,FRA=Y0,ABN=ABT,ALY=ALI,ANI=NANM,CAR=ONE,SEM=TIM,SFR=K0,
496,24,1,مدة,CODE1=312369,CODE2=115246353,LEMMA=مدة,BF=مدة,LEX=N,POS=NOU,MOR=WFO,LST=WRD,GEN=FEM,NUM=SNG,PAR=M727,FRA=Y0,ABN=ABT,ALY=ALI,ANI=NANM,CAR=ONE,SEM=TIM,SFR=K0,
497,24,1,مده,CODE1=312369,CODE2=115246353,LEMMA=مدة,BF=مدة,LEX=N,POS=NOU,MOR=WFO,LST=WRD,GEN=FEM,NUM=SNG,PAR=M727,FRA=Y0,ABN=ABT,ALY=ALI,ANI=NANM,CAR=ONE,SEM=TIM,SFR=K0,
498,24,1,مده,CODE1=312369,CODE2=115246353,LEMMA=مدة,BF=مدة,LEX=N,POS=NOU,MOR=WFO,LST=WRD,GEN=FEM,NUM=SNG,PAR=M727,FRA=Y0,ABN=ABT,ALY=ALI,ANI=NANM,CAR=ONE,SEM=TIM,SFR=K0,
499,220,1,مرة,CODE1=279366,CODE2=107309599,LEMMA=مرة,BF=مرة,LEX=N,POS=NOU,MOR=WFO,LST=WRD,GEN=FEM,NUM=SNG,PAR=M533,FRA=Y0,ABN=ABT,ALY=NALI,ANI=NANM,CAR=CTB,SEM=NEV,SFR=K0,
500,14,1,مريخ,CODE1=8865,CODE2=500005596,LEMMA=مريخ,BF=مريخ,LEX=E,POS=PPN,MOR=WFO,LST=WRD,GEN=MCL,NUM=SNGT,PAR=M0,FRA=Y0,ABN=CCT,ALY=ALI,ANI=NANM,CAR=ONE,SEM=NOB,SFR=K0,
501,1,1,"مساء الخير",CODE1=334095,CODE2=106632807,"LEMMA=مساء الخير","BF=مساء الخير",LEX=N,POS=NOU,LST=MTW,GEN=MCL,NUM=SNGT,PAR=M0,FRA=Y0,ANI=NANM,SEM=CMN,,,,,,
502,1,1,"مساء الخير",CODE1=334095,CODE2=106632807,"LEMMA=مساء الخير","BF=مساء الخير",LEX=N,POS=NOU,LST=MTW,GEN=MCL,NUM=SNGT,PAR=M0,FRA=Y0,ANI=NANM,SEM=CMN,,,,,,
503,1,1,"مساءالخير",CODE1=334095,CODE2=106632807,"LEMMA=مساء الخير","BF=مساء الخير",LEX=N,POS=NOU,LST=MTW,GEN=MCL,NUM=SNGT,PAR=M0,FRA=Y0,ANI=NANM,SEM=CMN,,,,,,
504,2,1,مسجلة,CODE1=230400,CODE2=300240655,LEMMA=مسجل,BF=مسجل,LEX=J,POS=PTL,LST=WRD,GEN=FEM,NUM=SNG,DEG=PST,PAR=M716,FRA=Y707,,,,,,,
505,7,1,مسلسلات,CODE1=292727,CODE2=106621447,LEMMA=مسلسل,BF=مسلسل,LEX=N,POS=NOU,MOR=WFO,LST=WRD,GEN=MCL,NUM=PLR,PAR=M534,FRA=Y0,ABN=ABT,ALY=ALI,ANI=NANM,CAR=CTB,SEM=CMN,SFR=K0,
506,23,5,مشترك,CODE1=148204,CODE2=301514827,LEMMA=مشترك,BF=مشترك,LEX=J,POS=PTL,LST=WRD,GEN=MCL,NUM=SNG,DEG=PST,PAR=M467,FRA=Y722,SEM=JJJ,,,,,,
507,151,1,مشكلة,CODE1=274356,CODE2=114410605,LEMMA=مشكلة,BF=مشكلة,LEX=N,POS=NOU,LST=WRD,GEN=FEM,NUM=SNG,PAR=M583,FRA=Y0,ANI=NANM,ABN=ABT,ALY=ALI,ANI=NANM,CAR=CTB,SEM=STA,SFR=K0,
507,0,1,مصرية,CODE1=275380,CODE2=109700492,LEMMA=مصري,BF=مصري,LEX=N,POS=NOU,LST=WRD,GEN=FEM,NUM=SNG,PAR=M532,FRA=Y0,ANI=ANM,ABN=CCT,ANI=ANM,SEM=HUM,,,,
509,0,1,مصرين,CODE1=94361,CODE2=302971469,LEMMA=مصري,BF=مصري,LEX=J,POS=ADJ,LST=WRD,GEN=MCL,NUM=DUA,CAS=ACC,DEG=PST,PAR=M466,FRA=Y0,,,,,,
510,0,1,مصريه,CODE1=275380,CODE2=109700492,LEMMA=مصري,BF=مصري,LEX=N,POS=NOU,LST=WRD,GEN=FEM,NUM=SNG,PAR=M532,FRA=Y0,ANI=ANM,ABN=CCT,ANI=ANM,SEM=HUM,,,,
511,0,1,مصريين,CODE1=94361,CODE2=302971469,LEMMA=مصري,BF=مصري,LEX=J,POS=ADJ,LST=WRD,GEN=MCL,NUM=DUA,CAS=ACC,DEG=PST,PAR=M466,FRA=Y0,,,,,,
512,1,0,مصيف,CODE1=324565,CODE2=108640739,LEMMA=مصيف,BF=مصيف,LEX=N,POS=NOU,MOR=WFO,LST=WRD,GEN=MCL,NUM=SNG,PAR=M595,FRA=Y0,ANI=NANM,SEM=LCT,,,,,
513,255,255,مع,CODE1=442966,CODE2=NULL,LEMMA=مع,BF=مع,LEX=P,POS=PRE,LST=WRD,PAR=M0,FRA=Y0,att=@with,rel=MAN,SEM=XXX,SFR=K0,rel=man, att=@with,,,,
514,255,255,مع,CODE1=442966,CODE2=NULL,LEMMA=مع,BF=مع,LEX=P,POS=PRE,LST=WRD,PAR=M0,FRA=Y0,att=@with,rel=MAN,SEM=XXX,SFR=K0,rel=man, att=@with,,,,
515,255,255,معا,CODE1=442966,CODE2=NULL,LEMMA=مع,BF=مع,LEX=P,POS=PRE,LST=WRD,PAR=M0,FRA=Y0,att=@with,rel=MAN,SEM=XXX,SFR=K0,rel=man, att=@with,,,,
516,255,255,معا,CODE1=442966,CODE2=NULL,LEMMA=مع,BF=مع,LEX=P,POS=PRE,LST=WRD,PAR=M0,FRA=Y0,att=@with,rel=MAN,SEM=XXX,SFR=K0,rel=man, att=@with,,,,
517,4,1,مفروض,CODE1=160108,CODE2=301617255,LEMMA=مفترض,BF=مفترض,LEX=J,POS=PTL,LST=WRD,GEN=MCL,NUM=SNG,DEG=PST,PAR=M467,FRA=Y0,SEM=JJJ,,,,,,
518,4,1,مكملين,CODE1=297120,CODE2=105110772,LEMMA=مكمل,BF=مكمل,LEX=N,POS=NOU,MOR=WFO,LST=WRD,GEN=MCL,NUM=DUA,CAS=ACC,PAR=M534,FRA=Y0,ABN=ABT,ANI=NANM,SEM=ATT,,,
519,136,1,ممكن,CODE1=87585,CODE2=301821266,LEMMA=ممكن,BF=ممكن,LEX=J,POS=ADJ,MOR=ROO,LST=WRD,GEN=MCL,NUM=SNG,DEG=PST,PAR=M716,FRA=Y0,,,,,,
520,136,1,ممكن,CODE1=111457,CODE2=301821266,LEMMA=ممكن,BF=ممكن,LEX=J,POS=ADJ,MOR=ROO,LST=WRD,GEN=MCL,NUM=SNG,DEG=PST,PAR=M716,FRA=Y0,,,,,,
521,50,1,مميز,CODE1=203709,CODE2=300356926,LEMMA=مميز,BF=مميز,LEX=J,POS=PTL,LST=WRD,GEN=MCL,NUM=SNG,PAR=M467,FRA=Y0,SEM=JJJ,,,,,,,
522,255,0,من,CODE1=442967,CODE2=NULL,LEMMA=من,BF=من,LEX=P,POS=PRE,LST=WRD,PAR=M0,FRA=Y0,SEM=XXX,SFR=K0,rel=src,,,,,,,
523,255,0,من,CODE1=442967,CODE2=NULL,LEMMA=من,BF=من,LEX=P,POS=PRE,LST=WRD,PAR=M0,FRA=Y0,SEM=XXX,SFR=K0,rel=src,,,,,,,
524,1,4,من فضلك,CODE1=85299,CODE2=400009966,LEMMA=من فضلك,BF=من فضلك,LEX=A,POS=AAV,LST=MTW,PAR=M0,FRA=Y0,SEM=MAN,,,,,,,,,
525,10,1,مناسبة,CODE1=370678,CODE2=107447261,LEMMA=مناسبة,BF=مناسبة,LEX=N,POS=NOU,MOR=WFO,LST=WRD,GEN=FEM,NUM=SNG,PAR=M533,FRA=Y0,ABN=ABT,ALY=NALI,ANI=NANM,CAR=CTB,SEM=NEV,SFR=K0,
526,255,0,مهو يا أما,CODE1=322777,CODE2=NULL,LEMMA=أما,BF=أما,LEX=C,POS=COO,LST=WRD,PAR=M0,FRA=Y0,SEM=XXX,SFR=K0,rel=and, att=@correlative,,,,,,
527,39,1,موجود,CODE1=147591,CODE2=301846413,LEMMA=موجود,BF=موجود,LEX=J,POS=PTL,LST=WRD,GEN=MCL,NUM=SNG,DEG=PST,PAR=M467,FRA=Y0,,,,,,,
528,65,1,موقف,CODE1=317287,CODE2=106193203,LEMMA=موقف,BF=موقف,LEX=N,POS=NOU,MOR=WFO,LST=WRD,GEN=MCL,NUM=SNG,PAR=M595,FRA=Y0,ABN=ABT,ALY=NALI,ANI=NANM,CAR=NCTB,SEM=CGN,SFR=K0,
529,1,0,ميجا,CODE1=118681,CODE2=113628056,LEMMA=ميجا,BF=ميجا,LEX=N,POS=NOU,MOR=WFO,LST=WRD,GEN=FEM,NUM=SNGT,PAR=M0,FRA=Y0,ABN=ABT,ANI=NANM,SEM=QTT,,,,
530,5,3,ناقص,CODE1=435005,CODE2=300052012,LEMMA=ناقص,BF=ناقص,LEX=J,POS=PTL,LST=WRD,GEN=MCL,NUM=SNG,DEG=PST,PAR=M474,FRA=Y0,,,,,,,
531,4,0,نت,CODE1=484633,CODE2=103580615,LEMMA=نت,BF=نت,LEX=N,POS=NOU,LST=WRD,GEN=MCL,NUM=SNGT,PAR=M0,FRA=Y0,ABN=CCT,ALY=ALI,ANI=NANM,CAR=ONE,SEM=ARF,SFR=K0,,
532,161,10,نتكلم,CODE1=280950,CODE2=200962447,LEMMA=تكلم,BF=تكلم,LEX=V,POS=VER,LST=WRD,NUM=PLR,PER=1PP,ATE=PRS,MOO=IND,VOI=ACV,TRA=NERG,PAR=M409,FRA=Y0,SEM=CMV,,,
533,205,10,نتيجة,CODE1=277719,CODE2=111410625,LEMMA=نتيجة,BF=نتيجة,LEX=N,POS=NOU,LST=WRD,GEN=FEM,NUM=SNG,PAR=M581,FRA=Y0,ABN=ABT,ALY=ALI,ANI=NANM,CAR=CTB,SEM=PHE,SFR=K0,,
534,103,0,نجاح,CODE1=1753084,CODE2=201323958,LEMMA=جاح,BF=جاح,LEX=V,POS=VER,LST=WRD,NUM=PLR,PER=1PP,ATE=PRS,MOO=IND,VOI=PSV,TRA=TSTD,PAR=M103,FRA=Y16,SEM=CTC,,,
535,8,1,نجم,CODE1=939920,CODE2=109444100,LEMMA=نجم,BF=نجم,LEX=N,POS=NOU,LST=WRD,GEN=MCL,NUM=SNG,PAR=M599,FRA=Y0,ABN=CCT,ALY=ALI,ANI=NANM,CAR=CTB,SEM=NOB,SFR=K0,,
536,15,1,نزلت,CODE1=284684,CODE2=201985923,LEMMA=نزل,BF=نزل,LEX=V,POS=VER,LST=WRD,GEN=FEM,NUM=SNG,PER=3PS,ATE=PAS,VOI=ACV,TRA=NERG,PAR=M107,FRA=Y0,SEM=MOT,,,
537,255,1,نص,CODE1=437189,CODE2=106387980,LEMMA=نص,BF=نص,LEX=N,POS=NOU,MOR=WFO,LST=WRD,GEN=MCL,NUM=SNG,PAR=M1,FRA=Y0,ABN=CCT,ALY=ALI,ANI=NANM,CAR=CTB,SEM=CMN,SFR=K0,
538,3,1,نصابين,CODE1=300951,CODE2=110201535,LEMMA=نصاب,BF=نصاب,LEX=N,POS=NOU,MOR=WFO,LST=WRD,GEN=MCL,NUM=PLR,CAS=ACC,PAR=M532,FRA=Y0,ABN=CCT,ALY=ALI,ANI=ANM,CAR=CTB,SEM=HUM,SFR=K0
539,129,2,نفس,CODE1=131396,CODE2=302068476,LEMMA=نفس,BF=نفس,LEX=J,POS=ADJ,LST=WRD,DEG=PST,PAR=M0,FRA=Y0,SEM=JJJ,,,,,,,,
540,253,1,نوع,CODE1=282731,CODE2=105839024,LEMMA=نوع,BF=نوع,LEX=N,POS=NOU,LST=WRD,GEN=MCL,NUM=SNG,PAR=M557,FRA=Y0,ABN=ABT,ALY=ALI,ANI=NANM,CAR=CTB,SEM=CGN,SFR=K0,,
541,255,255,ه,CODE1=87660,CODE2=NULL,LEMMA=ه,BF=ه,LEX=D,POS=POD,LST=WRD,PAR=M0,FRA=Y0,att=@3,att=@male,att=@singular,SEM=XXX,SFR=K0,,,,,
542,255,0,ه,CODE1=744209,CODE2=NULL,LEMMA=سوف,BF=سوف,LEX=O,POS=PTC,LST=WRD,ATE=FUT,PAR=M0,FRA=Y0,att=@future,SEM=XXX,SFR=K0,att=@future,,,,,
543,255,255,ها,CODE1=87654,CODE2=NULL,LEMMA=ها,BF=ها,LEX=D,POS=POD,LST=WRD,GEN=FEM,NUM=SNGT,PER=3PS,PAR=M0,FRA=Y0,att=@3,att=@female,att=@singular,SEM=XXX,SFR=K0,,
544,255,255,ها,CODE1=87654,CODE2=NULL,LEMMA=ها,BF=ها,LEX=D,POS=POD,LST=WRD,GEN=FEM,NUM=SNGT,PER=3PS,PAR=M0,FRA=Y0,att=@3,att=@female,att=@singular,SEM=XXX,SFR=K0,,
545,8,20,هدية,CODE1=282731,CODE2=113265011,LEMMA=هدية,BF=هدية,LEX=N,POS=NOU,LST=WRD,GEN=FEM,NUM=SNG,PAR=M589,FRA=Y0,ABN=CCT,ALY=ALI,ANI=NANM,CAR=CTB,SEM=PON,SFR=K0,,
546,8,20,هديه,CODE1=442948,CODE2=113265011,LEMMA=هدية,BF=هدية,LEX=N,POS=NOU,LST=WRD,GEN=FEM,NUM=SNG,PAR=M589,FRA=Y0,ABN=CCT,ALY=ALI,ANI=NANM,CAR=CTB,SEM=PON,SFR=K0,,
547,9,1,هكذب,CODE1=475955,CODE2=200834259,LEMMA=كذب,BF=كذب,LEX=V,POS=VER,LST=WRD,NUM=SNG,PER=1PS,ATE=PRS,MOO=IND,VOI=ACV,TRA=TSTI,PAR=M107,FRA=Y17,SEM=CMV,,,
548,255,255,هم,CODE1=443031,CODE2=00.@3.@male.@pl,LEMMA=هم,BF=هم,LEX=R,POS=PPR,LST=WRD,PER=3PP,PAR=M0,FRA=Y0,att=@3,att=@male,att=@pl ,SEM=XXX,SFR=K0,,,,
549,255,255,هو,CODE1=443018,CODE2=00.@3.@male.@singular,LEMMA=هو,BF=هو,LEX=R,POS=PPR,LST=WRD,PER=3PS,PAR=M0,FRA=Y0,att=@3,att=@male,att=@singular,SEM=XXX,SFR=K0,,,,
550,255,0,و,CODE1=87595,CODE2=NULL,LEMMA=و,BF=و,LEX=C,POS=COO,LST=WRD,PAR=M0,FRA=Y0,rel=AND,SEM=XXX,SFR=K0,rel=and,,,,,,
551,255,0,و,CODE1=87595,CODE2=NULL,LEMMA=و,BF=و,LEX=C,POS=COO,LST=WRD,PAR=M0,FRA=Y0,rel=AND,SEM=XXX,SFR=K0,rel=and,,,,,,
552,4,1,وحش,CODE1=103716,CODE2=300478311,"LEMMA=سيء","BF=سيء",LEX=J,POS=ADJ,LST=WRD,GEN=MCL,NUM=SNG,PAR=M449,FRA=Y0,,,,,,,,
553,51,1,وحشة,CODE1=135422,CODE2=301125429,LEMMA=سيئ,BF=سيئ,LEX=J,POS=ADJ,MOR=WFO,LST=WRD,GEN=FEM,NUM=SNG,DEG=PST,PAR=M512,FRA=Y0,,,,,,
554,51,1,وحشه,CODE1=97780,CODE2=301125429,LEMMA=سيئ,BF=سيئ,LEX=J,POS=ADJ,MOR=WFO,LST=WRD,GEN=FEM,NUM=SNG,DEG=PST,PAR=M512,FRA=Y0,,,,,,
555,50,1,وحيد,CODE1=709722,CODE2=302249766,LEMMA=وحيد,BF=وحيد,LEX=J,POS=ADJ,MOR=WFO,LST=WRD,GEN=MCL,NUM=SNG,DEG=PST,PAR=M445,FRA=Y0,,,,,,
556,8,1,وقفت,CODE1=1399763,CODE2=200434374,LEMMA=تعطل,BF=تعطل,LEX=V,POS=VER,LST=WRD,GEN=FEM,NUM=SNG,PER=3PS,ATE=PAS,VOI=ACV,TRA=NACC,PAR=M409,FRA=Y516,SEM=CHA,,,
557,0,0,ولا,CODE1=87596,CODE2=NULL,LEMMA=أو,BF=أو,LEX=C,POS=COO,LST=WRD,PAR=M0,FRA=Y0,SEM=XXX,SFR=K0,rel=or,,,,,,,
558,0,0,ولا,CODE1=87596,CODE2=NULL,LEMMA=أو,BF=أو,LEX=C,POS=COO,LST=WRD,PAR=M0,FRA=Y0,SEM=XXX,SFR=K0,rel=or,,,,,,,
559,0,0,ويب,CODE1=38787,CODE2=500009635,LEMMA=ويب,BF=ويب,LEX=E,POS=PPN,LST=WRD,GEN=FEM,NUM=SNGT,PAR=M0,FRA=Y0,ABN=CCT,ANI=ANM,SEM=HUM,,,,,
560,255,255,ى,CODE1=87655,CODE2=NULL,LEMMA=ي,BF=ي,LEX=D,POS=POD,LST=WRD,NUM=SNGT,PER=1PS,PAR=M0,FRA=Y0,att=@1,att=@singular ,,,,,,
561,255,255,يا,CODE1=87655,CODE2=NULL,LEMMA=ي,BF=ي,LEX=D,POS=POD,LST=WRD,NUM=SNGT,PER=1PS,PAR=M0,FRA=Y0,att=@1,att=@singular ,,,,,,
562,9,1,يا فندم,CODE1=436264,CODE2=110127273,LEMMA=سيد,BF=سيد,LEX=N,POS=NOU,LST=WRD,GEN=MCL,NUM=SNG,PAR=M614,FRA=Y0,ANI=ANM,SEM=HUM,ABN=CCT,ALY=ALI,ANI=ANM,CAR=CTB,SEM=HUM,SFR=K0
563,59,1,يحسب,CODE1=172829,CODE2=200637259,LEMMA=حسب,BF=حسب,LEX=V,POS=VER,LST=WRD,GEN=MCL,NUM=SNG,PER=3PS,ATE=PRS,MOO=IND,VOI=ACV,TRA=TSTD,PAR=M10,FRA=Y0,SEM=CGV,,
564,4,1,يرن,CODE1=892477,CODE2=202175861,LEMMA=رن,BF=رن,LEX=V,POS=VER,LST=WRD,GEN=MCL,NUM=SNG,PER=3PS,ATE=PRS,MOO=SUB,VOI=ACV,TRA=NACC,PAR=M160,FRA=Y0,SEM=PCP,,
565,3,1,يسحب,CODE1=1048660,CODE2=201609287,LEMMA=سحب,BF=سحب,LEX=V,POS=VER,MOR=WFO,LST=WRD,GEN=MCL,NUM=SNG,PER=3PS,ATE=PRS,MOO=IND,VOI=ACV,TRA=TSTD,PAR=M10,FRA=Y16,SEM=CTC,
566,255,1,يسمع,CODE1=956291,CODE2=202169702,LEMMA=سمع,BF=سمع,LEX=V,POS=VER,LST=WRD,GEN=MCL,NUM=SNG,PER=3PS,ATE=PRS,MOO=IND,VOI=ACV,TRA=TSTD,PAR=M10,FRA=Y0,SEM=PCP,,
567,255,1,يسمع,CODE1=956291,CODE2=202169702,LEMMA=سمع,BF=سمع,LEX=V,POS=VER,LST=WRD,GEN=MCL,NUM=SNG,PER=3PS,ATE=PRS,MOO=IND,VOI=ACV,TRA=TSTD,PAR=M10,FRA=Y0,SEM=PCP,,
568,255,10,يشوف,CODE1=445631,CODE2=202129289,LEMMA=رأى,BF=رأى,LEX=V,POS=VER,LST=WRD,GEN=MCL,NUM=SNG,PER=3PS,ATE=PRS,MOO=IND,VOI=ACV,TRA=TSTD,PAR=M1,FRA=Y16,SEM=PCP,,
569,97,1,يعني,CODE1=487004,CODE2=200955148,LEMMA=عنى,BF=عنى,LEX=V,POS=VER,LST=WRD,GEN=MCL,NUM=SNG,PER=3PS,ATE=PRS,MOO=IND,VOI=ACV,TRA=TSTD,PAR=M301,FRA=Y16,SEM=CMV,,
570,255,3,يقول,CODE1=NULL,CODE2=201009240,LEMMA=قال,BF=قال,LEX=V,POS=VER,LST=WRD,GEN=MCL,NUM=SNG,PER=3PS,ATE=PRS,MOO=IND,VOI=ACV,TRA=TSTD,PAR=M103,FRA=Y0,SEM=CMV,,
571,44,1,ينفع,CODE1=521006,CODE2=200512877,LEMMA=مكن,BF=مكن,LEX=V,POS=VER,LST=WRD,GEN=MCL,NUM=SNG,PER=3PS,ATE=PRS,MOO=IND,VOI=ACV,TRA=TSTD,PAR=M123,FRA=Y16,SEM=CHA,,
572,255,1,يوجد,CODE1=917703,CODE2=202655135,LEMMA=وجد,BF=وجد,LEX=V,POS=VER,LST=WRD,GEN=MCL,NUM=SNG,PER=3PS,ATE=PRS,VOI=PSV,TRA=TSTD,PAR=M14,FRA=Y16,SEM=STT,,,
573,172,1,يوم,CODE1=283117,CODE2=115155220,LEMMA=يوم,BF=يوم,LEX=N,POS=NOU,MOR=WFO,LST=WRD,GEN=MCL,NUM=SNG,PAR=M659,FRA=Y0,ABN=ABT,ALY=ALI,ANI=NANM,CAR=CTB,SEM=TIM,SFR=K0,
